-- phpMyAdmin SQL Dump
-- version 4.2.11
-- http://www.phpmyadmin.net
--
-- Host: 127.0.0.1
-- Generation Time: Oct 20, 2015 at 01:00 PM
-- Server version: 5.6.21
-- PHP Version: 5.6.3

SET SQL_MODE = "NO_AUTO_VALUE_ON_ZERO";
SET time_zone = "+00:00";


/*!40101 SET @OLD_CHARACTER_SET_CLIENT=@@CHARACTER_SET_CLIENT */;
/*!40101 SET @OLD_CHARACTER_SET_RESULTS=@@CHARACTER_SET_RESULTS */;
/*!40101 SET @OLD_COLLATION_CONNECTION=@@COLLATION_CONNECTION */;
/*!40101 SET NAMES utf8 */;

--
-- Database: `pleg`
--

-- --------------------------------------------------------

--
-- Table structure for table `api_keys`
--

CREATE TABLE IF NOT EXISTS `api_keys` (
`api_key_id` int(10) unsigned NOT NULL,
  `api_id` varchar(255) COLLATE utf8_unicode_ci NOT NULL,
  `api_key` varchar(255) COLLATE utf8_unicode_ci NOT NULL,
  `created_at` timestamp NOT NULL DEFAULT '0000-00-00 00:00:00',
  `updated_at` timestamp NOT NULL DEFAULT '0000-00-00 00:00:00'
) ENGINE=InnoDB AUTO_INCREMENT=6 DEFAULT CHARSET=utf8 COLLATE=utf8_unicode_ci;

--
-- Dumping data for table `api_keys`
--

INSERT INTO `api_keys` (`api_key_id`, `api_id`, `api_key`, `created_at`, `updated_at`) VALUES
(1, '0e53de90-6e98-11e5-b4d7-41ee18f69fff', '5be4aa1d-0d21-44e8-805e-9aa51f6f5f32', '2015-10-09 23:18:00', '2015-10-09 23:18:05'),
(2, '0e54a1e0-6e98-11e5-b4d7-41ee18f69fff', '4b745156-1751-448b-bebe-f808ab4ee122', '2015-10-09 23:20:15', '2015-10-09 23:20:20'),
(3, '0e54c8f0-6e98-11e5-b4d7-41ee18f69fff', 'e141fecd-eae2-404b-a07f-02b9261db618', '2015-10-09 23:21:13', '2015-10-02 23:21:17'),
(4, '0e54f000-6e98-11e5-b4d7-41ee18f69fff', '90ab773a-8439-4cdf-be72-c7fcf10e2668', '2015-10-09 23:22:08', '2015-10-09 23:22:12'),
(5, '0e54f001-6e98-11e5-b4d7-41ee18f69fff', '294281e7-1069-4f13-a284-dbd2ba70d470', '2015-10-09 23:25:19', '2015-10-02 23:25:23');

-- --------------------------------------------------------

--
-- Table structure for table `government_reports`
--

CREATE TABLE IF NOT EXISTS `government_reports` (
`government_report_id` int(10) unsigned NOT NULL,
  `report_id` int(10) unsigned NOT NULL,
  `executive_status` int(10) unsigned NOT NULL DEFAULT '0',
  `legislator_status` int(10) unsigned NOT NULL DEFAULT '0',
  `created_at` timestamp NOT NULL DEFAULT '0000-00-00 00:00:00',
  `updated_at` timestamp NOT NULL DEFAULT '0000-00-00 00:00:00'
) ENGINE=InnoDB AUTO_INCREMENT=5 DEFAULT CHARSET=utf8 COLLATE=utf8_unicode_ci;

--
-- Dumping data for table `government_reports`
--

INSERT INTO `government_reports` (`government_report_id`, `report_id`, `executive_status`, `legislator_status`, `created_at`, `updated_at`) VALUES
(1, 1, 0, 0, '2015-10-19 08:56:36', '2015-10-19 08:56:36'),
(2, 2, 0, 0, '2015-10-19 08:56:36', '2015-10-19 08:56:36'),
(3, 4, 0, 0, '2015-10-19 11:33:59', '2015-10-19 11:33:59'),
(4, 5, 0, 0, '2015-10-19 15:39:44', '2015-10-19 15:39:44');

-- --------------------------------------------------------

--
-- Table structure for table `lgas`
--

CREATE TABLE IF NOT EXISTS `lgas` (
`lga_id` int(10) unsigned NOT NULL,
  `lga` varchar(255) COLLATE utf8_unicode_ci NOT NULL,
  `state_id` int(10) unsigned NOT NULL,
  `created_at` timestamp NOT NULL DEFAULT '0000-00-00 00:00:00',
  `updated_at` timestamp NOT NULL DEFAULT '0000-00-00 00:00:00'
) ENGINE=InnoDB AUTO_INCREMENT=775 DEFAULT CHARSET=utf8 COLLATE=utf8_unicode_ci;

--
-- Dumping data for table `lgas`
--

INSERT INTO `lgas` (`lga_id`, `lga`, `state_id`, `created_at`, `updated_at`) VALUES
(1, 'Aba North', 1, '0000-00-00 00:00:00', '0000-00-00 00:00:00'),
(2, 'Aba South', 1, '0000-00-00 00:00:00', '0000-00-00 00:00:00'),
(3, 'Arochukwu', 1, '0000-00-00 00:00:00', '0000-00-00 00:00:00'),
(4, 'Bende', 1, '0000-00-00 00:00:00', '0000-00-00 00:00:00'),
(5, 'Ikwuano', 1, '0000-00-00 00:00:00', '0000-00-00 00:00:00'),
(6, 'Isiala Ngwa North', 1, '0000-00-00 00:00:00', '0000-00-00 00:00:00'),
(7, 'Isiala Ngwa South', 1, '0000-00-00 00:00:00', '0000-00-00 00:00:00'),
(8, 'Isuikwuato', 1, '0000-00-00 00:00:00', '0000-00-00 00:00:00'),
(9, 'Obi Ngwa', 1, '0000-00-00 00:00:00', '0000-00-00 00:00:00'),
(10, 'Ohafia', 1, '0000-00-00 00:00:00', '0000-00-00 00:00:00'),
(11, 'Osisioma', 1, '0000-00-00 00:00:00', '0000-00-00 00:00:00'),
(12, 'Ugwunagbo', 1, '0000-00-00 00:00:00', '0000-00-00 00:00:00'),
(13, 'Ukwa East', 1, '0000-00-00 00:00:00', '0000-00-00 00:00:00'),
(14, 'Ukwa West', 1, '0000-00-00 00:00:00', '0000-00-00 00:00:00'),
(15, 'Umuahia North', 1, '0000-00-00 00:00:00', '0000-00-00 00:00:00'),
(16, 'Umuahia South', 1, '0000-00-00 00:00:00', '0000-00-00 00:00:00'),
(17, 'Umu Nneochi', 1, '0000-00-00 00:00:00', '0000-00-00 00:00:00'),
(18, 'Demsa', 2, '0000-00-00 00:00:00', '0000-00-00 00:00:00'),
(19, 'Fufure', 2, '0000-00-00 00:00:00', '0000-00-00 00:00:00'),
(20, 'Ganye', 2, '0000-00-00 00:00:00', '0000-00-00 00:00:00'),
(21, 'Gayuk', 2, '0000-00-00 00:00:00', '0000-00-00 00:00:00'),
(22, 'Gombi', 2, '0000-00-00 00:00:00', '0000-00-00 00:00:00'),
(23, 'Grie', 2, '0000-00-00 00:00:00', '0000-00-00 00:00:00'),
(24, 'Hong', 2, '0000-00-00 00:00:00', '0000-00-00 00:00:00'),
(25, 'Jada', 2, '0000-00-00 00:00:00', '0000-00-00 00:00:00'),
(26, 'Larmurde', 2, '0000-00-00 00:00:00', '0000-00-00 00:00:00'),
(27, 'Madagali', 2, '0000-00-00 00:00:00', '0000-00-00 00:00:00'),
(28, 'Maiha', 2, '0000-00-00 00:00:00', '0000-00-00 00:00:00'),
(29, 'Mayo Belwa', 2, '0000-00-00 00:00:00', '0000-00-00 00:00:00'),
(30, 'Michika', 2, '0000-00-00 00:00:00', '0000-00-00 00:00:00'),
(31, 'Mubi North', 2, '0000-00-00 00:00:00', '0000-00-00 00:00:00'),
(32, 'Mubi South', 2, '0000-00-00 00:00:00', '0000-00-00 00:00:00'),
(33, 'Numan', 2, '0000-00-00 00:00:00', '0000-00-00 00:00:00'),
(34, 'Shelleng', 2, '0000-00-00 00:00:00', '0000-00-00 00:00:00'),
(35, 'Song', 2, '0000-00-00 00:00:00', '0000-00-00 00:00:00'),
(36, 'Toungo', 2, '0000-00-00 00:00:00', '0000-00-00 00:00:00'),
(37, 'Yola North', 2, '0000-00-00 00:00:00', '0000-00-00 00:00:00'),
(38, 'Yola South', 2, '0000-00-00 00:00:00', '0000-00-00 00:00:00'),
(39, 'Abak', 3, '0000-00-00 00:00:00', '0000-00-00 00:00:00'),
(40, 'Eastern Obolo', 3, '0000-00-00 00:00:00', '0000-00-00 00:00:00'),
(41, 'Eket', 3, '0000-00-00 00:00:00', '0000-00-00 00:00:00'),
(42, 'Esit Eket', 3, '0000-00-00 00:00:00', '0000-00-00 00:00:00'),
(43, 'Essien Udim', 3, '0000-00-00 00:00:00', '0000-00-00 00:00:00'),
(44, 'Etim Ekpo', 3, '0000-00-00 00:00:00', '0000-00-00 00:00:00'),
(45, 'Etinan', 3, '0000-00-00 00:00:00', '0000-00-00 00:00:00'),
(46, 'Ibeno', 3, '0000-00-00 00:00:00', '0000-00-00 00:00:00'),
(47, 'Ibesikpo Asutan', 3, '0000-00-00 00:00:00', '0000-00-00 00:00:00'),
(48, 'Ibiono-Ibom', 3, '0000-00-00 00:00:00', '0000-00-00 00:00:00'),
(49, 'Ika', 3, '0000-00-00 00:00:00', '0000-00-00 00:00:00'),
(50, 'Ikono', 3, '0000-00-00 00:00:00', '0000-00-00 00:00:00'),
(51, 'Ikot Abasi', 3, '0000-00-00 00:00:00', '0000-00-00 00:00:00'),
(52, 'Ikot Ekpene', 3, '0000-00-00 00:00:00', '0000-00-00 00:00:00'),
(53, 'Ini', 3, '0000-00-00 00:00:00', '0000-00-00 00:00:00'),
(54, 'Itu', 3, '0000-00-00 00:00:00', '0000-00-00 00:00:00'),
(55, 'Mbo', 3, '0000-00-00 00:00:00', '0000-00-00 00:00:00'),
(56, 'Mkpat-Enin', 3, '0000-00-00 00:00:00', '0000-00-00 00:00:00'),
(57, 'Nsit-Atai', 3, '0000-00-00 00:00:00', '0000-00-00 00:00:00'),
(58, 'Nsit-Ibom', 3, '0000-00-00 00:00:00', '0000-00-00 00:00:00'),
(59, 'Nsit-Ubium', 3, '0000-00-00 00:00:00', '0000-00-00 00:00:00'),
(60, 'Obot Akara', 3, '0000-00-00 00:00:00', '0000-00-00 00:00:00'),
(61, 'Okobo', 3, '0000-00-00 00:00:00', '0000-00-00 00:00:00'),
(62, 'Onna', 3, '0000-00-00 00:00:00', '0000-00-00 00:00:00'),
(63, 'Oron', 3, '0000-00-00 00:00:00', '0000-00-00 00:00:00'),
(64, 'Oruk Anam', 3, '0000-00-00 00:00:00', '0000-00-00 00:00:00'),
(65, 'Udung-Uko', 3, '0000-00-00 00:00:00', '0000-00-00 00:00:00'),
(66, 'Ukanafun', 3, '0000-00-00 00:00:00', '0000-00-00 00:00:00'),
(67, 'Uruan', 3, '0000-00-00 00:00:00', '0000-00-00 00:00:00'),
(68, 'Urue-Offong/Oruko', 3, '0000-00-00 00:00:00', '0000-00-00 00:00:00'),
(69, 'Uyo', 3, '0000-00-00 00:00:00', '0000-00-00 00:00:00'),
(70, 'Aguata', 4, '0000-00-00 00:00:00', '0000-00-00 00:00:00'),
(71, 'Anambra East', 4, '0000-00-00 00:00:00', '0000-00-00 00:00:00'),
(72, 'Anambra West', 4, '0000-00-00 00:00:00', '0000-00-00 00:00:00'),
(73, 'Anaocha', 4, '0000-00-00 00:00:00', '0000-00-00 00:00:00'),
(74, 'Awka North', 4, '0000-00-00 00:00:00', '0000-00-00 00:00:00'),
(75, 'Awka South', 4, '0000-00-00 00:00:00', '0000-00-00 00:00:00'),
(76, 'Ayamelum', 4, '0000-00-00 00:00:00', '0000-00-00 00:00:00'),
(77, 'Dunukofia', 4, '0000-00-00 00:00:00', '0000-00-00 00:00:00'),
(78, 'Ekwusigo', 4, '0000-00-00 00:00:00', '0000-00-00 00:00:00'),
(79, 'Idemili North', 4, '0000-00-00 00:00:00', '0000-00-00 00:00:00'),
(80, 'Idemili South', 4, '0000-00-00 00:00:00', '0000-00-00 00:00:00'),
(81, 'Ihiala', 4, '0000-00-00 00:00:00', '0000-00-00 00:00:00'),
(82, 'Njikoka', 4, '0000-00-00 00:00:00', '0000-00-00 00:00:00'),
(83, 'Nnewi North', 4, '0000-00-00 00:00:00', '0000-00-00 00:00:00'),
(84, 'Nnewi South', 4, '0000-00-00 00:00:00', '0000-00-00 00:00:00'),
(85, 'Ogbaru', 4, '0000-00-00 00:00:00', '0000-00-00 00:00:00'),
(86, 'Onitsha North', 4, '0000-00-00 00:00:00', '0000-00-00 00:00:00'),
(87, 'Onitsha South', 4, '0000-00-00 00:00:00', '0000-00-00 00:00:00'),
(88, 'Orumba North', 4, '0000-00-00 00:00:00', '0000-00-00 00:00:00'),
(89, 'Orumba South', 4, '0000-00-00 00:00:00', '0000-00-00 00:00:00'),
(90, 'Oyi', 4, '0000-00-00 00:00:00', '0000-00-00 00:00:00'),
(91, 'Alkaleri', 5, '0000-00-00 00:00:00', '0000-00-00 00:00:00'),
(92, 'Bauchi', 5, '0000-00-00 00:00:00', '0000-00-00 00:00:00'),
(93, 'Bogoro', 5, '0000-00-00 00:00:00', '0000-00-00 00:00:00'),
(94, 'Damban', 5, '0000-00-00 00:00:00', '0000-00-00 00:00:00'),
(95, 'Darazo', 5, '0000-00-00 00:00:00', '0000-00-00 00:00:00'),
(96, 'Dass', 5, '0000-00-00 00:00:00', '0000-00-00 00:00:00'),
(97, 'Gamawa', 5, '0000-00-00 00:00:00', '0000-00-00 00:00:00'),
(98, 'Ganjuwa', 5, '0000-00-00 00:00:00', '0000-00-00 00:00:00'),
(99, 'Giade', 5, '0000-00-00 00:00:00', '0000-00-00 00:00:00'),
(100, 'Itas/Gadau', 5, '0000-00-00 00:00:00', '0000-00-00 00:00:00'),
(101, 'Jama''are', 5, '0000-00-00 00:00:00', '0000-00-00 00:00:00'),
(102, 'Katagum', 5, '0000-00-00 00:00:00', '0000-00-00 00:00:00'),
(103, 'Kirfi', 5, '0000-00-00 00:00:00', '0000-00-00 00:00:00'),
(104, 'Misau', 5, '0000-00-00 00:00:00', '0000-00-00 00:00:00'),
(105, 'Ningi', 5, '0000-00-00 00:00:00', '0000-00-00 00:00:00'),
(106, 'Shira', 5, '0000-00-00 00:00:00', '0000-00-00 00:00:00'),
(107, 'Tafawa Balewa', 5, '0000-00-00 00:00:00', '0000-00-00 00:00:00'),
(108, 'Toro', 5, '0000-00-00 00:00:00', '0000-00-00 00:00:00'),
(109, 'Warji', 5, '0000-00-00 00:00:00', '0000-00-00 00:00:00'),
(110, 'Zaki', 5, '0000-00-00 00:00:00', '0000-00-00 00:00:00'),
(111, 'Brass', 6, '0000-00-00 00:00:00', '0000-00-00 00:00:00'),
(112, 'Ekeremor', 6, '0000-00-00 00:00:00', '0000-00-00 00:00:00'),
(113, 'Kolokuma/Opokuma', 6, '0000-00-00 00:00:00', '0000-00-00 00:00:00'),
(114, 'Nembe', 6, '0000-00-00 00:00:00', '0000-00-00 00:00:00'),
(115, 'Ogbia', 6, '0000-00-00 00:00:00', '0000-00-00 00:00:00'),
(116, 'Sagbama', 6, '0000-00-00 00:00:00', '0000-00-00 00:00:00'),
(117, 'Southern Ijaw', 6, '0000-00-00 00:00:00', '0000-00-00 00:00:00'),
(118, 'Yenagoa', 6, '0000-00-00 00:00:00', '0000-00-00 00:00:00'),
(119, 'Agatu', 7, '0000-00-00 00:00:00', '0000-00-00 00:00:00'),
(120, 'Apa', 7, '0000-00-00 00:00:00', '0000-00-00 00:00:00'),
(121, 'Ado', 7, '0000-00-00 00:00:00', '0000-00-00 00:00:00'),
(122, 'Buruku', 7, '0000-00-00 00:00:00', '0000-00-00 00:00:00'),
(123, 'Gboko', 7, '0000-00-00 00:00:00', '0000-00-00 00:00:00'),
(124, 'Guma', 7, '0000-00-00 00:00:00', '0000-00-00 00:00:00'),
(125, 'Gwer East', 7, '0000-00-00 00:00:00', '0000-00-00 00:00:00'),
(126, 'Gwer West', 7, '0000-00-00 00:00:00', '0000-00-00 00:00:00'),
(127, 'Katsina-Ala', 7, '0000-00-00 00:00:00', '0000-00-00 00:00:00'),
(128, 'Konshisha', 7, '0000-00-00 00:00:00', '0000-00-00 00:00:00'),
(129, 'Kwande', 7, '0000-00-00 00:00:00', '0000-00-00 00:00:00'),
(130, 'Logo', 7, '0000-00-00 00:00:00', '0000-00-00 00:00:00'),
(131, 'Makurdi', 7, '0000-00-00 00:00:00', '0000-00-00 00:00:00'),
(132, 'Obi', 7, '0000-00-00 00:00:00', '0000-00-00 00:00:00'),
(133, 'Ogbadibo', 7, '0000-00-00 00:00:00', '0000-00-00 00:00:00'),
(134, 'Ohimini', 7, '0000-00-00 00:00:00', '0000-00-00 00:00:00'),
(135, 'Oju', 7, '0000-00-00 00:00:00', '0000-00-00 00:00:00'),
(136, 'Okpokwu', 7, '0000-00-00 00:00:00', '0000-00-00 00:00:00'),
(137, 'Oturkpo', 7, '0000-00-00 00:00:00', '0000-00-00 00:00:00'),
(138, 'Tarka', 7, '0000-00-00 00:00:00', '0000-00-00 00:00:00'),
(139, 'Ukum', 7, '0000-00-00 00:00:00', '0000-00-00 00:00:00'),
(140, 'Ushongo', 7, '0000-00-00 00:00:00', '0000-00-00 00:00:00'),
(141, 'Vandeikya', 7, '0000-00-00 00:00:00', '0000-00-00 00:00:00'),
(142, 'Abadam', 8, '0000-00-00 00:00:00', '0000-00-00 00:00:00'),
(143, 'Askira/Uba', 8, '0000-00-00 00:00:00', '0000-00-00 00:00:00'),
(144, 'Bama', 8, '0000-00-00 00:00:00', '0000-00-00 00:00:00'),
(145, 'Bayo', 8, '0000-00-00 00:00:00', '0000-00-00 00:00:00'),
(146, 'Biu', 8, '0000-00-00 00:00:00', '0000-00-00 00:00:00'),
(147, 'Chibok', 8, '0000-00-00 00:00:00', '0000-00-00 00:00:00'),
(148, 'Damboa', 8, '0000-00-00 00:00:00', '0000-00-00 00:00:00'),
(149, 'Dikwa', 8, '0000-00-00 00:00:00', '0000-00-00 00:00:00'),
(150, 'Gubio', 8, '0000-00-00 00:00:00', '0000-00-00 00:00:00'),
(151, 'Guzamala', 8, '0000-00-00 00:00:00', '0000-00-00 00:00:00'),
(152, 'Gwoza', 8, '0000-00-00 00:00:00', '0000-00-00 00:00:00'),
(153, 'Hawul', 8, '0000-00-00 00:00:00', '0000-00-00 00:00:00'),
(154, 'Jere', 8, '0000-00-00 00:00:00', '0000-00-00 00:00:00'),
(155, 'Kaga', 8, '0000-00-00 00:00:00', '0000-00-00 00:00:00'),
(156, 'Kala/Balge', 8, '0000-00-00 00:00:00', '0000-00-00 00:00:00'),
(157, 'Konduga', 8, '0000-00-00 00:00:00', '0000-00-00 00:00:00'),
(158, 'Kukawa', 8, '0000-00-00 00:00:00', '0000-00-00 00:00:00'),
(159, 'Kwaya Kusar', 8, '0000-00-00 00:00:00', '0000-00-00 00:00:00'),
(160, 'Mafa', 8, '0000-00-00 00:00:00', '0000-00-00 00:00:00'),
(161, 'Magumeri', 8, '0000-00-00 00:00:00', '0000-00-00 00:00:00'),
(162, 'Maiduguri', 8, '0000-00-00 00:00:00', '0000-00-00 00:00:00'),
(163, 'Marte', 8, '0000-00-00 00:00:00', '0000-00-00 00:00:00'),
(164, 'Mobbar', 8, '0000-00-00 00:00:00', '0000-00-00 00:00:00'),
(165, 'Monguno', 8, '0000-00-00 00:00:00', '0000-00-00 00:00:00'),
(166, 'Ngala', 8, '0000-00-00 00:00:00', '0000-00-00 00:00:00'),
(167, 'Nganzai', 8, '0000-00-00 00:00:00', '0000-00-00 00:00:00'),
(168, 'Shani', 8, '0000-00-00 00:00:00', '0000-00-00 00:00:00'),
(169, 'Abi', 9, '0000-00-00 00:00:00', '0000-00-00 00:00:00'),
(170, 'Akamkpa', 9, '0000-00-00 00:00:00', '0000-00-00 00:00:00'),
(171, 'Akpabuyo', 9, '0000-00-00 00:00:00', '0000-00-00 00:00:00'),
(172, 'Bakassi', 9, '0000-00-00 00:00:00', '0000-00-00 00:00:00'),
(173, 'Bekwarra', 9, '0000-00-00 00:00:00', '0000-00-00 00:00:00'),
(174, 'Biase', 9, '0000-00-00 00:00:00', '0000-00-00 00:00:00'),
(175, 'Boki', 9, '0000-00-00 00:00:00', '0000-00-00 00:00:00'),
(176, 'Calabar Municipal', 9, '0000-00-00 00:00:00', '0000-00-00 00:00:00'),
(177, 'Calabar South', 9, '0000-00-00 00:00:00', '0000-00-00 00:00:00'),
(178, 'Etung', 9, '0000-00-00 00:00:00', '0000-00-00 00:00:00'),
(179, 'Ikom', 9, '0000-00-00 00:00:00', '0000-00-00 00:00:00'),
(180, 'Obanliku', 9, '0000-00-00 00:00:00', '0000-00-00 00:00:00'),
(181, 'Obubra', 9, '0000-00-00 00:00:00', '0000-00-00 00:00:00'),
(182, 'Obudu', 9, '0000-00-00 00:00:00', '0000-00-00 00:00:00'),
(183, 'Odukpani', 9, '0000-00-00 00:00:00', '0000-00-00 00:00:00'),
(184, 'Ogoja', 9, '0000-00-00 00:00:00', '0000-00-00 00:00:00'),
(185, 'Yakuur', 9, '0000-00-00 00:00:00', '0000-00-00 00:00:00'),
(186, 'Yala', 9, '0000-00-00 00:00:00', '0000-00-00 00:00:00'),
(187, 'Aniocha North', 10, '0000-00-00 00:00:00', '0000-00-00 00:00:00'),
(188, 'Aniocha South', 10, '0000-00-00 00:00:00', '0000-00-00 00:00:00'),
(189, 'Bomadi', 10, '0000-00-00 00:00:00', '0000-00-00 00:00:00'),
(190, 'Burutu', 10, '0000-00-00 00:00:00', '0000-00-00 00:00:00'),
(191, 'Ethiope East', 10, '0000-00-00 00:00:00', '0000-00-00 00:00:00'),
(192, 'Ethiope West', 10, '0000-00-00 00:00:00', '0000-00-00 00:00:00'),
(193, 'Ika North East', 10, '0000-00-00 00:00:00', '0000-00-00 00:00:00'),
(194, 'Ika South', 10, '0000-00-00 00:00:00', '0000-00-00 00:00:00'),
(195, 'Isoko North', 10, '0000-00-00 00:00:00', '0000-00-00 00:00:00'),
(196, 'Isoko South', 10, '0000-00-00 00:00:00', '0000-00-00 00:00:00'),
(197, 'Ndokwa East', 10, '0000-00-00 00:00:00', '0000-00-00 00:00:00'),
(198, 'Ndokwa West', 10, '0000-00-00 00:00:00', '0000-00-00 00:00:00'),
(199, 'Okpe', 10, '0000-00-00 00:00:00', '0000-00-00 00:00:00'),
(200, 'Oshimili North', 10, '0000-00-00 00:00:00', '0000-00-00 00:00:00'),
(201, 'Oshimili South', 10, '0000-00-00 00:00:00', '0000-00-00 00:00:00'),
(202, 'Patani', 10, '0000-00-00 00:00:00', '0000-00-00 00:00:00'),
(203, 'Sapele, Delta', 10, '0000-00-00 00:00:00', '0000-00-00 00:00:00'),
(204, 'Udu', 10, '0000-00-00 00:00:00', '0000-00-00 00:00:00'),
(205, 'Ughelli North', 10, '0000-00-00 00:00:00', '0000-00-00 00:00:00'),
(206, 'Ughelli South', 10, '0000-00-00 00:00:00', '0000-00-00 00:00:00'),
(207, 'Ukwuani', 10, '0000-00-00 00:00:00', '0000-00-00 00:00:00'),
(208, 'Uvwie', 10, '0000-00-00 00:00:00', '0000-00-00 00:00:00'),
(209, 'Warri North', 10, '0000-00-00 00:00:00', '0000-00-00 00:00:00'),
(210, 'Warri South', 10, '0000-00-00 00:00:00', '0000-00-00 00:00:00'),
(211, 'Warri South West', 10, '0000-00-00 00:00:00', '0000-00-00 00:00:00'),
(212, 'Abakaliki', 11, '0000-00-00 00:00:00', '0000-00-00 00:00:00'),
(213, 'Afikpo North', 11, '0000-00-00 00:00:00', '0000-00-00 00:00:00'),
(214, 'Afikpo South', 11, '0000-00-00 00:00:00', '0000-00-00 00:00:00'),
(215, 'Ebonyi', 11, '0000-00-00 00:00:00', '0000-00-00 00:00:00'),
(216, 'Ezza North', 11, '0000-00-00 00:00:00', '0000-00-00 00:00:00'),
(217, 'Ezza South', 11, '0000-00-00 00:00:00', '0000-00-00 00:00:00'),
(218, 'Ikwo', 11, '0000-00-00 00:00:00', '0000-00-00 00:00:00'),
(219, 'Ishielu', 11, '0000-00-00 00:00:00', '0000-00-00 00:00:00'),
(220, 'Ivo', 11, '0000-00-00 00:00:00', '0000-00-00 00:00:00'),
(221, 'Izzi', 11, '0000-00-00 00:00:00', '0000-00-00 00:00:00'),
(222, 'Ohaozara', 11, '0000-00-00 00:00:00', '0000-00-00 00:00:00'),
(223, 'Ohaukwu', 11, '0000-00-00 00:00:00', '0000-00-00 00:00:00'),
(224, 'Onicha', 11, '0000-00-00 00:00:00', '0000-00-00 00:00:00'),
(225, 'Akoko-Edo', 12, '0000-00-00 00:00:00', '0000-00-00 00:00:00'),
(226, 'Egor', 12, '0000-00-00 00:00:00', '0000-00-00 00:00:00'),
(227, 'Esan Central', 12, '0000-00-00 00:00:00', '0000-00-00 00:00:00'),
(228, 'Esan North-East', 12, '0000-00-00 00:00:00', '0000-00-00 00:00:00'),
(229, 'Esan South-East', 12, '0000-00-00 00:00:00', '0000-00-00 00:00:00'),
(230, 'Esan West', 12, '0000-00-00 00:00:00', '0000-00-00 00:00:00'),
(231, 'Etsako Central', 12, '0000-00-00 00:00:00', '0000-00-00 00:00:00'),
(232, 'Etsako East', 12, '0000-00-00 00:00:00', '0000-00-00 00:00:00'),
(233, 'Etsako West', 12, '0000-00-00 00:00:00', '0000-00-00 00:00:00'),
(234, 'Igueben', 12, '0000-00-00 00:00:00', '0000-00-00 00:00:00'),
(235, 'Ikpoba Okha', 12, '0000-00-00 00:00:00', '0000-00-00 00:00:00'),
(236, 'Orhionmwon', 12, '0000-00-00 00:00:00', '0000-00-00 00:00:00'),
(237, 'Oredo', 12, '0000-00-00 00:00:00', '0000-00-00 00:00:00'),
(238, 'Ovia North-East', 12, '0000-00-00 00:00:00', '0000-00-00 00:00:00'),
(239, 'Ovia South-West', 12, '0000-00-00 00:00:00', '0000-00-00 00:00:00'),
(240, 'Owan East', 12, '0000-00-00 00:00:00', '0000-00-00 00:00:00'),
(241, 'Owan West', 12, '0000-00-00 00:00:00', '0000-00-00 00:00:00'),
(242, 'Uhunmwonde', 12, '0000-00-00 00:00:00', '0000-00-00 00:00:00'),
(243, 'Ado Ekiti', 13, '0000-00-00 00:00:00', '0000-00-00 00:00:00'),
(244, 'Efon', 13, '0000-00-00 00:00:00', '0000-00-00 00:00:00'),
(245, 'Ekiti East', 13, '0000-00-00 00:00:00', '0000-00-00 00:00:00'),
(246, 'Ekiti South-West', 13, '0000-00-00 00:00:00', '0000-00-00 00:00:00'),
(247, 'Ekiti West', 13, '0000-00-00 00:00:00', '0000-00-00 00:00:00'),
(248, 'Emure', 13, '0000-00-00 00:00:00', '0000-00-00 00:00:00'),
(249, 'Gbonyin', 13, '0000-00-00 00:00:00', '0000-00-00 00:00:00'),
(250, 'Ido Osi', 13, '0000-00-00 00:00:00', '0000-00-00 00:00:00'),
(251, 'Ijero', 13, '0000-00-00 00:00:00', '0000-00-00 00:00:00'),
(252, 'Ikere', 13, '0000-00-00 00:00:00', '0000-00-00 00:00:00'),
(253, 'Ikole', 13, '0000-00-00 00:00:00', '0000-00-00 00:00:00'),
(254, 'Ilejemeje', 13, '0000-00-00 00:00:00', '0000-00-00 00:00:00'),
(255, 'Irepodun/Ifelodun', 13, '0000-00-00 00:00:00', '0000-00-00 00:00:00'),
(256, 'Ise/Orun', 13, '0000-00-00 00:00:00', '0000-00-00 00:00:00'),
(257, 'Moba', 13, '0000-00-00 00:00:00', '0000-00-00 00:00:00'),
(258, 'Oye', 13, '0000-00-00 00:00:00', '0000-00-00 00:00:00'),
(259, 'Aninri', 14, '0000-00-00 00:00:00', '0000-00-00 00:00:00'),
(260, 'Awgu', 14, '0000-00-00 00:00:00', '0000-00-00 00:00:00'),
(261, 'Enugu East', 14, '0000-00-00 00:00:00', '0000-00-00 00:00:00'),
(262, 'Enugu North', 14, '0000-00-00 00:00:00', '0000-00-00 00:00:00'),
(263, 'Enugu South', 14, '0000-00-00 00:00:00', '0000-00-00 00:00:00'),
(264, 'Ezeagu', 14, '0000-00-00 00:00:00', '0000-00-00 00:00:00'),
(265, 'Igbo Etiti', 14, '0000-00-00 00:00:00', '0000-00-00 00:00:00'),
(266, 'Igbo Eze North', 14, '0000-00-00 00:00:00', '0000-00-00 00:00:00'),
(267, 'Igbo Eze South', 14, '0000-00-00 00:00:00', '0000-00-00 00:00:00'),
(268, 'Isi Uzo', 14, '0000-00-00 00:00:00', '0000-00-00 00:00:00'),
(269, 'Nkanu East', 14, '0000-00-00 00:00:00', '0000-00-00 00:00:00'),
(270, 'Nkanu West', 14, '0000-00-00 00:00:00', '0000-00-00 00:00:00'),
(271, 'Nsukka', 14, '0000-00-00 00:00:00', '0000-00-00 00:00:00'),
(272, 'Oji River', 14, '0000-00-00 00:00:00', '0000-00-00 00:00:00'),
(273, 'Udenu', 14, '0000-00-00 00:00:00', '0000-00-00 00:00:00'),
(274, 'Udi', 14, '0000-00-00 00:00:00', '0000-00-00 00:00:00'),
(275, 'Uzo Uwani', 14, '0000-00-00 00:00:00', '0000-00-00 00:00:00'),
(276, 'Abaji', 15, '0000-00-00 00:00:00', '0000-00-00 00:00:00'),
(277, 'Bwari', 15, '0000-00-00 00:00:00', '0000-00-00 00:00:00'),
(278, 'Gwagwalada', 15, '0000-00-00 00:00:00', '0000-00-00 00:00:00'),
(279, 'Kuje', 15, '0000-00-00 00:00:00', '0000-00-00 00:00:00'),
(280, 'Kwali', 15, '0000-00-00 00:00:00', '0000-00-00 00:00:00'),
(281, 'Municipal Area Council', 15, '0000-00-00 00:00:00', '0000-00-00 00:00:00'),
(282, 'Akko', 16, '0000-00-00 00:00:00', '0000-00-00 00:00:00'),
(283, 'Balanga', 16, '0000-00-00 00:00:00', '0000-00-00 00:00:00'),
(284, 'Billiri', 16, '0000-00-00 00:00:00', '0000-00-00 00:00:00'),
(285, 'Dukku', 16, '0000-00-00 00:00:00', '0000-00-00 00:00:00'),
(286, 'Funakaye', 16, '0000-00-00 00:00:00', '0000-00-00 00:00:00'),
(287, 'Gombe', 16, '0000-00-00 00:00:00', '0000-00-00 00:00:00'),
(288, 'Kaltungo', 16, '0000-00-00 00:00:00', '0000-00-00 00:00:00'),
(289, 'Kwami', 16, '0000-00-00 00:00:00', '0000-00-00 00:00:00'),
(290, 'Nafada', 16, '0000-00-00 00:00:00', '0000-00-00 00:00:00'),
(291, 'Shongom', 16, '0000-00-00 00:00:00', '0000-00-00 00:00:00'),
(292, 'Yamaltu/Deba', 16, '0000-00-00 00:00:00', '0000-00-00 00:00:00'),
(293, 'Aboh Mbaise', 17, '0000-00-00 00:00:00', '0000-00-00 00:00:00'),
(294, 'Ahiazu Mbaise', 17, '0000-00-00 00:00:00', '0000-00-00 00:00:00'),
(295, 'Ehime Mbano', 17, '0000-00-00 00:00:00', '0000-00-00 00:00:00'),
(296, 'Ezinihitte', 17, '0000-00-00 00:00:00', '0000-00-00 00:00:00'),
(297, 'Ideato North', 17, '0000-00-00 00:00:00', '0000-00-00 00:00:00'),
(298, 'Ideato South', 17, '0000-00-00 00:00:00', '0000-00-00 00:00:00'),
(299, 'Ihitte/Uboma', 17, '0000-00-00 00:00:00', '0000-00-00 00:00:00'),
(300, 'Ikeduru', 17, '0000-00-00 00:00:00', '0000-00-00 00:00:00'),
(301, 'Isiala Mbano', 17, '0000-00-00 00:00:00', '0000-00-00 00:00:00'),
(302, 'Isu', 17, '0000-00-00 00:00:00', '0000-00-00 00:00:00'),
(303, 'Mbaitoli', 17, '0000-00-00 00:00:00', '0000-00-00 00:00:00'),
(304, 'Ngor Okpala', 17, '0000-00-00 00:00:00', '0000-00-00 00:00:00'),
(305, 'Njaba', 17, '0000-00-00 00:00:00', '0000-00-00 00:00:00'),
(306, 'Nkwerre', 17, '0000-00-00 00:00:00', '0000-00-00 00:00:00'),
(307, 'Nwangele', 17, '0000-00-00 00:00:00', '0000-00-00 00:00:00'),
(308, 'Obowo', 17, '0000-00-00 00:00:00', '0000-00-00 00:00:00'),
(309, 'Oguta', 17, '0000-00-00 00:00:00', '0000-00-00 00:00:00'),
(310, 'Ohaji/Egbema', 17, '0000-00-00 00:00:00', '0000-00-00 00:00:00'),
(311, 'Okigwe', 17, '0000-00-00 00:00:00', '0000-00-00 00:00:00'),
(312, 'Orlu', 17, '0000-00-00 00:00:00', '0000-00-00 00:00:00'),
(313, 'Orsu', 17, '0000-00-00 00:00:00', '0000-00-00 00:00:00'),
(314, 'Oru East', 17, '0000-00-00 00:00:00', '0000-00-00 00:00:00'),
(315, 'Oru West', 17, '0000-00-00 00:00:00', '0000-00-00 00:00:00'),
(316, 'Owerri Municipal', 17, '0000-00-00 00:00:00', '0000-00-00 00:00:00'),
(317, 'Owerri North', 17, '0000-00-00 00:00:00', '0000-00-00 00:00:00'),
(318, 'Owerri West', 17, '0000-00-00 00:00:00', '0000-00-00 00:00:00'),
(319, 'Unuimo', 17, '0000-00-00 00:00:00', '0000-00-00 00:00:00'),
(320, 'Auyo', 18, '0000-00-00 00:00:00', '0000-00-00 00:00:00'),
(321, 'Babura', 18, '0000-00-00 00:00:00', '0000-00-00 00:00:00'),
(322, 'Biriniwa', 18, '0000-00-00 00:00:00', '0000-00-00 00:00:00'),
(323, 'Birnin Kudu', 18, '0000-00-00 00:00:00', '0000-00-00 00:00:00'),
(324, 'Buji', 18, '0000-00-00 00:00:00', '0000-00-00 00:00:00'),
(325, 'Dutse', 18, '0000-00-00 00:00:00', '0000-00-00 00:00:00'),
(326, 'Gagarawa', 18, '0000-00-00 00:00:00', '0000-00-00 00:00:00'),
(327, 'Garki', 18, '0000-00-00 00:00:00', '0000-00-00 00:00:00'),
(328, 'Gumel', 18, '0000-00-00 00:00:00', '0000-00-00 00:00:00'),
(329, 'Guri', 18, '0000-00-00 00:00:00', '0000-00-00 00:00:00'),
(330, 'Gwaram', 18, '0000-00-00 00:00:00', '0000-00-00 00:00:00'),
(331, 'Gwiwa', 18, '0000-00-00 00:00:00', '0000-00-00 00:00:00'),
(332, 'Hadejia', 18, '0000-00-00 00:00:00', '0000-00-00 00:00:00'),
(333, 'Jahun', 18, '0000-00-00 00:00:00', '0000-00-00 00:00:00'),
(334, 'Kafin Hausa', 18, '0000-00-00 00:00:00', '0000-00-00 00:00:00'),
(335, 'Kazaure', 18, '0000-00-00 00:00:00', '0000-00-00 00:00:00'),
(336, 'Kiri Kasama', 18, '0000-00-00 00:00:00', '0000-00-00 00:00:00'),
(337, 'Kiyawa', 18, '0000-00-00 00:00:00', '0000-00-00 00:00:00'),
(338, 'Kaugama', 18, '0000-00-00 00:00:00', '0000-00-00 00:00:00'),
(339, 'Maigatari', 18, '0000-00-00 00:00:00', '0000-00-00 00:00:00'),
(340, 'Malam Madori', 18, '0000-00-00 00:00:00', '0000-00-00 00:00:00'),
(341, 'Miga', 18, '0000-00-00 00:00:00', '0000-00-00 00:00:00'),
(342, 'Ringim', 18, '0000-00-00 00:00:00', '0000-00-00 00:00:00'),
(343, 'Roni', 18, '0000-00-00 00:00:00', '0000-00-00 00:00:00'),
(344, 'Sule Tankarkar', 18, '0000-00-00 00:00:00', '0000-00-00 00:00:00'),
(345, 'Taura', 18, '0000-00-00 00:00:00', '0000-00-00 00:00:00'),
(346, 'Yankwashi', 18, '0000-00-00 00:00:00', '0000-00-00 00:00:00'),
(347, 'Birnin Gwari', 19, '0000-00-00 00:00:00', '0000-00-00 00:00:00'),
(348, 'Chikun', 19, '0000-00-00 00:00:00', '0000-00-00 00:00:00'),
(349, 'Giwa', 19, '0000-00-00 00:00:00', '0000-00-00 00:00:00'),
(350, 'Igabi', 19, '0000-00-00 00:00:00', '0000-00-00 00:00:00'),
(351, 'Ikara', 19, '0000-00-00 00:00:00', '0000-00-00 00:00:00'),
(352, 'Jaba', 19, '0000-00-00 00:00:00', '0000-00-00 00:00:00'),
(353, 'Jema''a', 19, '0000-00-00 00:00:00', '0000-00-00 00:00:00'),
(354, 'Kachia', 19, '0000-00-00 00:00:00', '0000-00-00 00:00:00'),
(355, 'Kaduna North', 19, '0000-00-00 00:00:00', '0000-00-00 00:00:00'),
(356, 'Kaduna South', 19, '0000-00-00 00:00:00', '0000-00-00 00:00:00'),
(357, 'Kagarko', 19, '0000-00-00 00:00:00', '0000-00-00 00:00:00'),
(358, 'Kajuru', 19, '0000-00-00 00:00:00', '0000-00-00 00:00:00'),
(359, 'Kaura', 19, '0000-00-00 00:00:00', '0000-00-00 00:00:00'),
(360, 'Kauru', 19, '0000-00-00 00:00:00', '0000-00-00 00:00:00'),
(361, 'Kubau', 19, '0000-00-00 00:00:00', '0000-00-00 00:00:00'),
(362, 'Kudan', 19, '0000-00-00 00:00:00', '0000-00-00 00:00:00'),
(363, 'Lere', 19, '0000-00-00 00:00:00', '0000-00-00 00:00:00'),
(364, 'Makarfi', 19, '0000-00-00 00:00:00', '0000-00-00 00:00:00'),
(365, 'Sabon Gari', 19, '0000-00-00 00:00:00', '0000-00-00 00:00:00'),
(366, 'Sanga', 19, '0000-00-00 00:00:00', '0000-00-00 00:00:00'),
(367, 'Soba', 19, '0000-00-00 00:00:00', '0000-00-00 00:00:00'),
(368, 'Zangon Kataf', 19, '0000-00-00 00:00:00', '0000-00-00 00:00:00'),
(369, 'Zaria', 19, '0000-00-00 00:00:00', '0000-00-00 00:00:00'),
(370, 'Ajingi', 20, '0000-00-00 00:00:00', '0000-00-00 00:00:00'),
(371, 'Albasu', 20, '0000-00-00 00:00:00', '0000-00-00 00:00:00'),
(372, 'Bagwai', 20, '0000-00-00 00:00:00', '0000-00-00 00:00:00'),
(373, 'Bebeji', 20, '0000-00-00 00:00:00', '0000-00-00 00:00:00'),
(374, 'Bichi', 20, '0000-00-00 00:00:00', '0000-00-00 00:00:00'),
(375, 'Bunkure', 20, '0000-00-00 00:00:00', '0000-00-00 00:00:00'),
(376, 'Dala', 20, '0000-00-00 00:00:00', '0000-00-00 00:00:00'),
(377, 'Dambatta', 20, '0000-00-00 00:00:00', '0000-00-00 00:00:00'),
(378, 'Dawakin Kudu', 20, '0000-00-00 00:00:00', '0000-00-00 00:00:00'),
(379, 'Dawakin Tofa', 20, '0000-00-00 00:00:00', '0000-00-00 00:00:00'),
(380, 'Doguwa', 20, '0000-00-00 00:00:00', '0000-00-00 00:00:00'),
(381, 'Fagge', 20, '0000-00-00 00:00:00', '0000-00-00 00:00:00'),
(382, 'Gabasawa', 20, '0000-00-00 00:00:00', '0000-00-00 00:00:00'),
(383, 'Garko', 20, '0000-00-00 00:00:00', '0000-00-00 00:00:00'),
(384, 'Garun Mallam', 20, '0000-00-00 00:00:00', '0000-00-00 00:00:00'),
(385, 'Gaya', 20, '0000-00-00 00:00:00', '0000-00-00 00:00:00'),
(386, 'Gezawa', 20, '0000-00-00 00:00:00', '0000-00-00 00:00:00'),
(387, 'Gwale', 20, '0000-00-00 00:00:00', '0000-00-00 00:00:00'),
(388, 'Gwarzo', 20, '0000-00-00 00:00:00', '0000-00-00 00:00:00'),
(389, 'Kabo', 20, '0000-00-00 00:00:00', '0000-00-00 00:00:00'),
(390, 'Kano Municipal', 20, '0000-00-00 00:00:00', '0000-00-00 00:00:00'),
(391, 'Karaye', 20, '0000-00-00 00:00:00', '0000-00-00 00:00:00'),
(392, 'Kibiya', 20, '0000-00-00 00:00:00', '0000-00-00 00:00:00'),
(393, 'Kiru', 20, '0000-00-00 00:00:00', '0000-00-00 00:00:00'),
(394, 'Kumbotso', 20, '0000-00-00 00:00:00', '0000-00-00 00:00:00'),
(395, 'Kunchi', 20, '0000-00-00 00:00:00', '0000-00-00 00:00:00'),
(396, 'Kura', 20, '0000-00-00 00:00:00', '0000-00-00 00:00:00'),
(397, 'Madobi', 20, '0000-00-00 00:00:00', '0000-00-00 00:00:00'),
(398, 'Makoda', 20, '0000-00-00 00:00:00', '0000-00-00 00:00:00'),
(399, 'Minjibir', 20, '0000-00-00 00:00:00', '0000-00-00 00:00:00'),
(400, 'Nasarawa', 20, '0000-00-00 00:00:00', '0000-00-00 00:00:00'),
(401, 'Rano', 20, '0000-00-00 00:00:00', '0000-00-00 00:00:00'),
(402, 'Rimin Gado', 20, '0000-00-00 00:00:00', '0000-00-00 00:00:00'),
(403, 'Rogo', 20, '0000-00-00 00:00:00', '0000-00-00 00:00:00'),
(404, 'Shanono', 20, '0000-00-00 00:00:00', '0000-00-00 00:00:00'),
(405, 'Sumaila', 20, '0000-00-00 00:00:00', '0000-00-00 00:00:00'),
(406, 'Takai', 20, '0000-00-00 00:00:00', '0000-00-00 00:00:00'),
(407, 'Tarauni', 20, '0000-00-00 00:00:00', '0000-00-00 00:00:00'),
(408, 'Tofa', 20, '0000-00-00 00:00:00', '0000-00-00 00:00:00'),
(409, 'Tsanyawa', 20, '0000-00-00 00:00:00', '0000-00-00 00:00:00'),
(410, 'Tudun Wada', 20, '0000-00-00 00:00:00', '0000-00-00 00:00:00'),
(411, 'Ungogo', 20, '0000-00-00 00:00:00', '0000-00-00 00:00:00'),
(412, 'Warawa', 20, '0000-00-00 00:00:00', '0000-00-00 00:00:00'),
(413, 'Wudil', 20, '0000-00-00 00:00:00', '0000-00-00 00:00:00'),
(414, 'Bakori', 21, '0000-00-00 00:00:00', '0000-00-00 00:00:00'),
(415, 'Batagarawa', 21, '0000-00-00 00:00:00', '0000-00-00 00:00:00'),
(416, 'Batsari', 21, '0000-00-00 00:00:00', '0000-00-00 00:00:00'),
(417, 'Baure', 21, '0000-00-00 00:00:00', '0000-00-00 00:00:00'),
(418, 'Bindawa', 21, '0000-00-00 00:00:00', '0000-00-00 00:00:00'),
(419, 'Charanchi', 21, '0000-00-00 00:00:00', '0000-00-00 00:00:00'),
(420, 'Dandume', 21, '0000-00-00 00:00:00', '0000-00-00 00:00:00'),
(421, 'Danja', 21, '0000-00-00 00:00:00', '0000-00-00 00:00:00'),
(422, 'Dan Musa', 21, '0000-00-00 00:00:00', '0000-00-00 00:00:00'),
(423, 'Daura', 21, '0000-00-00 00:00:00', '0000-00-00 00:00:00'),
(424, 'Dutsi', 21, '0000-00-00 00:00:00', '0000-00-00 00:00:00'),
(425, 'Dutsin Ma', 21, '0000-00-00 00:00:00', '0000-00-00 00:00:00'),
(426, 'Faskari', 21, '0000-00-00 00:00:00', '0000-00-00 00:00:00'),
(427, 'Funtua', 21, '0000-00-00 00:00:00', '0000-00-00 00:00:00'),
(428, 'Ingawa', 21, '0000-00-00 00:00:00', '0000-00-00 00:00:00'),
(429, 'Jibia', 21, '0000-00-00 00:00:00', '0000-00-00 00:00:00'),
(430, 'Kafur', 21, '0000-00-00 00:00:00', '0000-00-00 00:00:00'),
(431, 'Kaita', 21, '0000-00-00 00:00:00', '0000-00-00 00:00:00'),
(432, 'Kankara', 21, '0000-00-00 00:00:00', '0000-00-00 00:00:00'),
(433, 'Kankia', 21, '0000-00-00 00:00:00', '0000-00-00 00:00:00'),
(434, 'Katsina', 21, '0000-00-00 00:00:00', '0000-00-00 00:00:00'),
(435, 'Kurfi', 21, '0000-00-00 00:00:00', '0000-00-00 00:00:00'),
(436, 'Kusada', 21, '0000-00-00 00:00:00', '0000-00-00 00:00:00'),
(437, 'Mai''Adua', 21, '0000-00-00 00:00:00', '0000-00-00 00:00:00'),
(438, 'Malumfashi', 21, '0000-00-00 00:00:00', '0000-00-00 00:00:00'),
(439, 'Mani', 21, '0000-00-00 00:00:00', '0000-00-00 00:00:00'),
(440, 'Mashi', 21, '0000-00-00 00:00:00', '0000-00-00 00:00:00'),
(441, 'Matazu', 21, '0000-00-00 00:00:00', '0000-00-00 00:00:00'),
(442, 'Musawa', 21, '0000-00-00 00:00:00', '0000-00-00 00:00:00'),
(443, 'Rimi', 21, '0000-00-00 00:00:00', '0000-00-00 00:00:00'),
(444, 'Sabuwa', 21, '0000-00-00 00:00:00', '0000-00-00 00:00:00'),
(445, 'Safana', 21, '0000-00-00 00:00:00', '0000-00-00 00:00:00'),
(446, 'Sandamu', 21, '0000-00-00 00:00:00', '0000-00-00 00:00:00'),
(447, 'Zango', 21, '0000-00-00 00:00:00', '0000-00-00 00:00:00'),
(448, 'Aleiro', 22, '0000-00-00 00:00:00', '0000-00-00 00:00:00'),
(449, 'Arewa Dandi', 22, '0000-00-00 00:00:00', '0000-00-00 00:00:00'),
(450, 'Argungu', 22, '0000-00-00 00:00:00', '0000-00-00 00:00:00'),
(451, 'Augie', 22, '0000-00-00 00:00:00', '0000-00-00 00:00:00'),
(452, 'Bagudo', 22, '0000-00-00 00:00:00', '0000-00-00 00:00:00'),
(453, 'Birnin Kebbi', 22, '0000-00-00 00:00:00', '0000-00-00 00:00:00'),
(454, 'Bunza', 22, '0000-00-00 00:00:00', '0000-00-00 00:00:00'),
(455, 'Dandi', 22, '0000-00-00 00:00:00', '0000-00-00 00:00:00'),
(456, 'Fakai', 22, '0000-00-00 00:00:00', '0000-00-00 00:00:00'),
(457, 'Gwandu', 22, '0000-00-00 00:00:00', '0000-00-00 00:00:00'),
(458, 'Jega', 22, '0000-00-00 00:00:00', '0000-00-00 00:00:00'),
(459, 'Kalgo', 22, '0000-00-00 00:00:00', '0000-00-00 00:00:00'),
(460, 'Koko/Besse', 22, '0000-00-00 00:00:00', '0000-00-00 00:00:00'),
(461, 'Maiyama', 22, '0000-00-00 00:00:00', '0000-00-00 00:00:00'),
(462, 'Ngaski', 22, '0000-00-00 00:00:00', '0000-00-00 00:00:00'),
(463, 'Sakaba', 22, '0000-00-00 00:00:00', '0000-00-00 00:00:00'),
(464, 'Shanga', 22, '0000-00-00 00:00:00', '0000-00-00 00:00:00'),
(465, 'Suru', 22, '0000-00-00 00:00:00', '0000-00-00 00:00:00'),
(466, 'Wasagu/Danko', 22, '0000-00-00 00:00:00', '0000-00-00 00:00:00'),
(467, 'Yauri', 22, '0000-00-00 00:00:00', '0000-00-00 00:00:00'),
(468, 'Zuru', 22, '0000-00-00 00:00:00', '0000-00-00 00:00:00'),
(469, 'Adavi', 23, '0000-00-00 00:00:00', '0000-00-00 00:00:00'),
(470, 'Ajaokuta', 23, '0000-00-00 00:00:00', '0000-00-00 00:00:00'),
(471, 'Ankpa', 23, '0000-00-00 00:00:00', '0000-00-00 00:00:00'),
(472, 'Bassa', 23, '0000-00-00 00:00:00', '0000-00-00 00:00:00'),
(473, 'Dekina', 23, '0000-00-00 00:00:00', '0000-00-00 00:00:00'),
(474, 'Ibaji', 23, '0000-00-00 00:00:00', '0000-00-00 00:00:00'),
(475, 'Idah', 23, '0000-00-00 00:00:00', '0000-00-00 00:00:00'),
(476, 'Igalamela Odolu', 23, '0000-00-00 00:00:00', '0000-00-00 00:00:00'),
(477, 'Ijumu', 23, '0000-00-00 00:00:00', '0000-00-00 00:00:00'),
(478, 'Kabba/Bunu', 23, '0000-00-00 00:00:00', '0000-00-00 00:00:00'),
(479, 'Kogi', 23, '0000-00-00 00:00:00', '0000-00-00 00:00:00'),
(480, 'Lokoja', 23, '0000-00-00 00:00:00', '0000-00-00 00:00:00'),
(481, 'Mopa Muro', 23, '0000-00-00 00:00:00', '0000-00-00 00:00:00'),
(482, 'Ofu', 23, '0000-00-00 00:00:00', '0000-00-00 00:00:00'),
(483, 'Ogori/Magongo', 23, '0000-00-00 00:00:00', '0000-00-00 00:00:00'),
(484, 'Okehi', 23, '0000-00-00 00:00:00', '0000-00-00 00:00:00'),
(485, 'Okene', 23, '0000-00-00 00:00:00', '0000-00-00 00:00:00'),
(486, 'Olamaboro', 23, '0000-00-00 00:00:00', '0000-00-00 00:00:00'),
(487, 'Omala', 23, '0000-00-00 00:00:00', '0000-00-00 00:00:00'),
(488, 'Yagba East', 23, '0000-00-00 00:00:00', '0000-00-00 00:00:00'),
(489, 'Yagba West', 23, '0000-00-00 00:00:00', '0000-00-00 00:00:00'),
(490, 'Asa', 24, '0000-00-00 00:00:00', '0000-00-00 00:00:00'),
(491, 'Baruten', 24, '0000-00-00 00:00:00', '0000-00-00 00:00:00'),
(492, 'Edu', 24, '0000-00-00 00:00:00', '0000-00-00 00:00:00'),
(493, 'Ekiti, Kwara State', 24, '0000-00-00 00:00:00', '0000-00-00 00:00:00'),
(494, 'Ifelodun', 24, '0000-00-00 00:00:00', '0000-00-00 00:00:00'),
(495, 'Ilorin East', 24, '0000-00-00 00:00:00', '0000-00-00 00:00:00'),
(496, 'Ilorin South', 24, '0000-00-00 00:00:00', '0000-00-00 00:00:00'),
(497, 'Ilorin West', 24, '0000-00-00 00:00:00', '0000-00-00 00:00:00'),
(498, 'Irepodun', 24, '0000-00-00 00:00:00', '0000-00-00 00:00:00'),
(499, 'Isin', 24, '0000-00-00 00:00:00', '0000-00-00 00:00:00'),
(500, 'Kaiama', 24, '0000-00-00 00:00:00', '0000-00-00 00:00:00'),
(501, 'Moro', 24, '0000-00-00 00:00:00', '0000-00-00 00:00:00'),
(502, 'Offa', 24, '0000-00-00 00:00:00', '0000-00-00 00:00:00'),
(503, 'Oke Ero', 24, '0000-00-00 00:00:00', '0000-00-00 00:00:00'),
(504, 'Oyun', 24, '0000-00-00 00:00:00', '0000-00-00 00:00:00'),
(505, 'Pategi', 24, '0000-00-00 00:00:00', '0000-00-00 00:00:00'),
(506, 'Agege', 25, '0000-00-00 00:00:00', '0000-00-00 00:00:00'),
(507, 'Ajeromi-Ifelodun', 25, '0000-00-00 00:00:00', '0000-00-00 00:00:00'),
(508, 'Alimosho', 25, '0000-00-00 00:00:00', '0000-00-00 00:00:00'),
(509, 'Amuwo-Odofin', 25, '0000-00-00 00:00:00', '0000-00-00 00:00:00'),
(510, 'Apapa', 25, '0000-00-00 00:00:00', '0000-00-00 00:00:00'),
(511, 'Badagry', 25, '0000-00-00 00:00:00', '0000-00-00 00:00:00'),
(512, 'Epe', 25, '0000-00-00 00:00:00', '0000-00-00 00:00:00'),
(513, 'Eti Osa', 25, '0000-00-00 00:00:00', '0000-00-00 00:00:00'),
(514, 'Ibeju-Lekki', 25, '0000-00-00 00:00:00', '0000-00-00 00:00:00'),
(515, 'Ifako-Ijaiye', 25, '0000-00-00 00:00:00', '0000-00-00 00:00:00'),
(516, 'Ikeja', 25, '0000-00-00 00:00:00', '0000-00-00 00:00:00'),
(517, 'Ikorodu', 25, '0000-00-00 00:00:00', '0000-00-00 00:00:00'),
(518, 'Kosofe', 25, '0000-00-00 00:00:00', '0000-00-00 00:00:00'),
(519, 'Lagos Island', 25, '0000-00-00 00:00:00', '0000-00-00 00:00:00'),
(520, 'Lagos Mainland', 25, '0000-00-00 00:00:00', '0000-00-00 00:00:00'),
(521, 'Mushin', 25, '0000-00-00 00:00:00', '0000-00-00 00:00:00'),
(522, 'Ojo', 25, '0000-00-00 00:00:00', '0000-00-00 00:00:00'),
(523, 'Oshodi-Isolo', 25, '0000-00-00 00:00:00', '0000-00-00 00:00:00'),
(524, 'Shomolu', 25, '0000-00-00 00:00:00', '0000-00-00 00:00:00'),
(525, 'Surulere, Lagos State', 25, '0000-00-00 00:00:00', '0000-00-00 00:00:00'),
(526, 'Akwanga', 26, '0000-00-00 00:00:00', '0000-00-00 00:00:00'),
(527, 'Awe', 26, '0000-00-00 00:00:00', '0000-00-00 00:00:00'),
(528, 'Doma', 26, '0000-00-00 00:00:00', '0000-00-00 00:00:00'),
(529, 'Karu', 26, '0000-00-00 00:00:00', '0000-00-00 00:00:00'),
(530, 'Keana', 26, '0000-00-00 00:00:00', '0000-00-00 00:00:00'),
(531, 'Keffi', 26, '0000-00-00 00:00:00', '0000-00-00 00:00:00'),
(532, 'Kokona', 26, '0000-00-00 00:00:00', '0000-00-00 00:00:00'),
(533, 'Lafia', 26, '0000-00-00 00:00:00', '0000-00-00 00:00:00'),
(534, 'Nasarawa', 26, '0000-00-00 00:00:00', '0000-00-00 00:00:00'),
(535, 'Nasarawa Egon', 26, '0000-00-00 00:00:00', '0000-00-00 00:00:00'),
(536, 'Obi', 26, '0000-00-00 00:00:00', '0000-00-00 00:00:00'),
(537, 'Toto', 26, '0000-00-00 00:00:00', '0000-00-00 00:00:00'),
(538, 'Wamba', 26, '0000-00-00 00:00:00', '0000-00-00 00:00:00'),
(539, 'Agaie', 27, '0000-00-00 00:00:00', '0000-00-00 00:00:00'),
(540, 'Agwara', 27, '0000-00-00 00:00:00', '0000-00-00 00:00:00'),
(541, 'Bida', 27, '0000-00-00 00:00:00', '0000-00-00 00:00:00'),
(542, 'Borgu', 27, '0000-00-00 00:00:00', '0000-00-00 00:00:00'),
(543, 'Bosso', 27, '0000-00-00 00:00:00', '0000-00-00 00:00:00'),
(544, 'Chanchaga', 27, '0000-00-00 00:00:00', '0000-00-00 00:00:00'),
(545, 'Edati', 27, '0000-00-00 00:00:00', '0000-00-00 00:00:00'),
(546, 'Gbako', 27, '0000-00-00 00:00:00', '0000-00-00 00:00:00'),
(547, 'Gurara', 27, '0000-00-00 00:00:00', '0000-00-00 00:00:00'),
(548, 'Katcha', 27, '0000-00-00 00:00:00', '0000-00-00 00:00:00'),
(549, 'Kontagora', 27, '0000-00-00 00:00:00', '0000-00-00 00:00:00'),
(550, 'Lapai', 27, '0000-00-00 00:00:00', '0000-00-00 00:00:00'),
(551, 'Lavun', 27, '0000-00-00 00:00:00', '0000-00-00 00:00:00'),
(552, 'Magama', 27, '0000-00-00 00:00:00', '0000-00-00 00:00:00'),
(553, 'Mariga', 27, '0000-00-00 00:00:00', '0000-00-00 00:00:00'),
(554, 'Mashegu', 27, '0000-00-00 00:00:00', '0000-00-00 00:00:00'),
(555, 'Mokwa', 27, '0000-00-00 00:00:00', '0000-00-00 00:00:00'),
(556, 'Moya', 27, '0000-00-00 00:00:00', '0000-00-00 00:00:00'),
(557, 'Paikoro', 27, '0000-00-00 00:00:00', '0000-00-00 00:00:00'),
(558, 'Rafi', 27, '0000-00-00 00:00:00', '0000-00-00 00:00:00'),
(559, 'Rijau', 27, '0000-00-00 00:00:00', '0000-00-00 00:00:00'),
(560, 'Shiroro', 27, '0000-00-00 00:00:00', '0000-00-00 00:00:00'),
(561, 'Suleja', 27, '0000-00-00 00:00:00', '0000-00-00 00:00:00'),
(562, 'Tafa', 27, '0000-00-00 00:00:00', '0000-00-00 00:00:00'),
(563, 'Wushishi', 27, '0000-00-00 00:00:00', '0000-00-00 00:00:00'),
(564, 'Abeokuta North', 28, '0000-00-00 00:00:00', '0000-00-00 00:00:00'),
(565, 'Abeokuta South', 28, '0000-00-00 00:00:00', '0000-00-00 00:00:00'),
(566, 'Ado-Odo/Ota', 28, '0000-00-00 00:00:00', '0000-00-00 00:00:00'),
(567, 'Egbado North', 28, '0000-00-00 00:00:00', '0000-00-00 00:00:00'),
(568, 'Egbado South', 28, '0000-00-00 00:00:00', '0000-00-00 00:00:00'),
(569, 'Ewekoro', 28, '0000-00-00 00:00:00', '0000-00-00 00:00:00'),
(570, 'Ifo', 28, '0000-00-00 00:00:00', '0000-00-00 00:00:00'),
(571, 'Ijebu East', 28, '0000-00-00 00:00:00', '0000-00-00 00:00:00'),
(572, 'Ijebu North', 28, '0000-00-00 00:00:00', '0000-00-00 00:00:00'),
(573, 'Ijebu North East', 28, '0000-00-00 00:00:00', '0000-00-00 00:00:00'),
(574, 'Ijebu Ode', 28, '0000-00-00 00:00:00', '0000-00-00 00:00:00'),
(575, 'Ikenne', 28, '0000-00-00 00:00:00', '0000-00-00 00:00:00'),
(576, 'Imeko Afon', 28, '0000-00-00 00:00:00', '0000-00-00 00:00:00'),
(577, 'Ipokia', 28, '0000-00-00 00:00:00', '0000-00-00 00:00:00'),
(578, 'Obafemi Owode', 28, '0000-00-00 00:00:00', '0000-00-00 00:00:00'),
(579, 'Odeda', 28, '0000-00-00 00:00:00', '0000-00-00 00:00:00'),
(580, 'Odogbolu', 28, '0000-00-00 00:00:00', '0000-00-00 00:00:00'),
(581, 'Ogun Waterside', 28, '0000-00-00 00:00:00', '0000-00-00 00:00:00'),
(582, 'Remo North', 28, '0000-00-00 00:00:00', '0000-00-00 00:00:00'),
(583, 'Shagamu', 28, '0000-00-00 00:00:00', '0000-00-00 00:00:00'),
(584, 'Akoko North-East', 29, '0000-00-00 00:00:00', '0000-00-00 00:00:00'),
(585, 'Akoko North-West', 29, '0000-00-00 00:00:00', '0000-00-00 00:00:00'),
(586, 'Akoko South-West', 29, '0000-00-00 00:00:00', '0000-00-00 00:00:00'),
(587, 'Akoko South-East', 29, '0000-00-00 00:00:00', '0000-00-00 00:00:00'),
(588, 'Akure North', 29, '0000-00-00 00:00:00', '0000-00-00 00:00:00'),
(589, 'Akure South', 29, '0000-00-00 00:00:00', '0000-00-00 00:00:00'),
(590, 'Ese Odo', 29, '0000-00-00 00:00:00', '0000-00-00 00:00:00'),
(591, 'Idanre', 29, '0000-00-00 00:00:00', '0000-00-00 00:00:00'),
(592, 'Ifedore', 29, '0000-00-00 00:00:00', '0000-00-00 00:00:00'),
(593, 'Ilaje', 29, '0000-00-00 00:00:00', '0000-00-00 00:00:00'),
(594, 'Ile Oluji/Okeigbo', 29, '0000-00-00 00:00:00', '0000-00-00 00:00:00'),
(595, 'Irele', 29, '0000-00-00 00:00:00', '0000-00-00 00:00:00'),
(596, 'Odigbo', 29, '0000-00-00 00:00:00', '0000-00-00 00:00:00'),
(597, 'Okitipupa', 29, '0000-00-00 00:00:00', '0000-00-00 00:00:00'),
(598, 'Ondo East', 29, '0000-00-00 00:00:00', '0000-00-00 00:00:00'),
(599, 'Ondo West', 29, '0000-00-00 00:00:00', '0000-00-00 00:00:00'),
(600, 'Ose', 29, '0000-00-00 00:00:00', '0000-00-00 00:00:00'),
(601, 'Owo', 29, '0000-00-00 00:00:00', '0000-00-00 00:00:00'),
(602, 'Atakunmosa East', 30, '0000-00-00 00:00:00', '0000-00-00 00:00:00'),
(603, 'Atakunmosa West', 30, '0000-00-00 00:00:00', '0000-00-00 00:00:00'),
(604, 'Aiyedaade', 30, '0000-00-00 00:00:00', '0000-00-00 00:00:00'),
(605, 'Aiyedire', 30, '0000-00-00 00:00:00', '0000-00-00 00:00:00'),
(606, 'Boluwaduro', 30, '0000-00-00 00:00:00', '0000-00-00 00:00:00'),
(607, 'Boripe', 30, '0000-00-00 00:00:00', '0000-00-00 00:00:00'),
(608, 'Ede North', 30, '0000-00-00 00:00:00', '0000-00-00 00:00:00'),
(609, 'Ede South', 30, '0000-00-00 00:00:00', '0000-00-00 00:00:00'),
(610, 'Ife Central', 30, '0000-00-00 00:00:00', '0000-00-00 00:00:00'),
(611, 'Ife East', 30, '0000-00-00 00:00:00', '0000-00-00 00:00:00'),
(612, 'Ife North', 30, '0000-00-00 00:00:00', '0000-00-00 00:00:00'),
(613, 'Ife South', 30, '0000-00-00 00:00:00', '0000-00-00 00:00:00'),
(614, 'Egbedore', 30, '0000-00-00 00:00:00', '0000-00-00 00:00:00'),
(615, 'Ejigbo', 30, '0000-00-00 00:00:00', '0000-00-00 00:00:00'),
(616, 'Ifedayo', 30, '0000-00-00 00:00:00', '0000-00-00 00:00:00'),
(617, 'Ifelodun', 30, '0000-00-00 00:00:00', '0000-00-00 00:00:00'),
(618, 'Ila', 30, '0000-00-00 00:00:00', '0000-00-00 00:00:00'),
(619, 'Ilesa East', 30, '0000-00-00 00:00:00', '0000-00-00 00:00:00'),
(620, 'Ilesa West', 30, '0000-00-00 00:00:00', '0000-00-00 00:00:00'),
(621, 'Irepodun', 30, '0000-00-00 00:00:00', '0000-00-00 00:00:00'),
(622, 'Irewole', 30, '0000-00-00 00:00:00', '0000-00-00 00:00:00'),
(623, 'Isokan', 30, '0000-00-00 00:00:00', '0000-00-00 00:00:00'),
(624, 'Iwo', 30, '0000-00-00 00:00:00', '0000-00-00 00:00:00'),
(625, 'Obokun', 30, '0000-00-00 00:00:00', '0000-00-00 00:00:00'),
(626, 'Odo Otin', 30, '0000-00-00 00:00:00', '0000-00-00 00:00:00'),
(627, 'Ola Oluwa', 30, '0000-00-00 00:00:00', '0000-00-00 00:00:00'),
(628, 'Olorunda', 30, '0000-00-00 00:00:00', '0000-00-00 00:00:00'),
(629, 'Oriade', 30, '0000-00-00 00:00:00', '0000-00-00 00:00:00'),
(630, 'Orolu', 30, '0000-00-00 00:00:00', '0000-00-00 00:00:00'),
(631, 'Osogbo', 30, '0000-00-00 00:00:00', '0000-00-00 00:00:00'),
(632, 'Afijio', 31, '0000-00-00 00:00:00', '0000-00-00 00:00:00'),
(633, 'Akinyele', 31, '0000-00-00 00:00:00', '0000-00-00 00:00:00'),
(634, 'Atiba', 31, '0000-00-00 00:00:00', '0000-00-00 00:00:00'),
(635, 'Atisbo', 31, '0000-00-00 00:00:00', '0000-00-00 00:00:00'),
(636, 'Egbeda', 31, '0000-00-00 00:00:00', '0000-00-00 00:00:00'),
(637, 'Ibadan North', 31, '0000-00-00 00:00:00', '0000-00-00 00:00:00'),
(638, 'Ibadan North-East', 31, '0000-00-00 00:00:00', '0000-00-00 00:00:00'),
(639, 'Ibadan North-West', 31, '0000-00-00 00:00:00', '0000-00-00 00:00:00'),
(640, 'Ibadan South-East', 31, '0000-00-00 00:00:00', '0000-00-00 00:00:00'),
(641, 'Ibadan South-West', 31, '0000-00-00 00:00:00', '0000-00-00 00:00:00'),
(642, 'Ibarapa Central', 31, '0000-00-00 00:00:00', '0000-00-00 00:00:00'),
(643, 'Ibarapa East', 31, '0000-00-00 00:00:00', '0000-00-00 00:00:00'),
(644, 'Ibarapa North', 31, '0000-00-00 00:00:00', '0000-00-00 00:00:00'),
(645, 'Ido', 31, '0000-00-00 00:00:00', '0000-00-00 00:00:00'),
(646, 'Irepo', 31, '0000-00-00 00:00:00', '0000-00-00 00:00:00'),
(647, 'Iseyin', 31, '0000-00-00 00:00:00', '0000-00-00 00:00:00'),
(648, 'Itesiwaju', 31, '0000-00-00 00:00:00', '0000-00-00 00:00:00'),
(649, 'Iwajowa', 31, '0000-00-00 00:00:00', '0000-00-00 00:00:00'),
(650, 'Kajola', 31, '0000-00-00 00:00:00', '0000-00-00 00:00:00'),
(651, 'Lagelu', 31, '0000-00-00 00:00:00', '0000-00-00 00:00:00'),
(652, 'Ogbomosho North', 31, '0000-00-00 00:00:00', '0000-00-00 00:00:00'),
(653, 'Ogbomosho South', 31, '0000-00-00 00:00:00', '0000-00-00 00:00:00'),
(654, 'Ogo Oluwa', 31, '0000-00-00 00:00:00', '0000-00-00 00:00:00'),
(655, 'Olorunsogo', 31, '0000-00-00 00:00:00', '0000-00-00 00:00:00'),
(656, 'Oluyole', 31, '0000-00-00 00:00:00', '0000-00-00 00:00:00'),
(657, 'Ona Ara', 31, '0000-00-00 00:00:00', '0000-00-00 00:00:00'),
(658, 'Orelope', 31, '0000-00-00 00:00:00', '0000-00-00 00:00:00'),
(659, 'Ori Ire', 31, '0000-00-00 00:00:00', '0000-00-00 00:00:00'),
(660, 'Oyo', 31, '0000-00-00 00:00:00', '0000-00-00 00:00:00'),
(661, 'Oyo East', 31, '0000-00-00 00:00:00', '0000-00-00 00:00:00'),
(662, 'Saki East', 31, '0000-00-00 00:00:00', '0000-00-00 00:00:00'),
(663, 'Saki West', 31, '0000-00-00 00:00:00', '0000-00-00 00:00:00'),
(664, 'Surulere, Oyo State', 31, '0000-00-00 00:00:00', '0000-00-00 00:00:00'),
(665, 'Bokkos', 32, '0000-00-00 00:00:00', '0000-00-00 00:00:00'),
(666, 'Barkin Ladi', 32, '0000-00-00 00:00:00', '0000-00-00 00:00:00'),
(667, 'Bassa', 32, '0000-00-00 00:00:00', '0000-00-00 00:00:00'),
(668, 'Jos East', 32, '0000-00-00 00:00:00', '0000-00-00 00:00:00'),
(669, 'Jos North', 32, '0000-00-00 00:00:00', '0000-00-00 00:00:00'),
(670, 'Jos South', 32, '0000-00-00 00:00:00', '0000-00-00 00:00:00'),
(671, 'Kanam', 32, '0000-00-00 00:00:00', '0000-00-00 00:00:00'),
(672, 'Kanke', 32, '0000-00-00 00:00:00', '0000-00-00 00:00:00'),
(673, 'Langtang South', 32, '0000-00-00 00:00:00', '0000-00-00 00:00:00'),
(674, 'Langtang North', 32, '0000-00-00 00:00:00', '0000-00-00 00:00:00'),
(675, 'Mangu', 32, '0000-00-00 00:00:00', '0000-00-00 00:00:00'),
(676, 'Mikang', 32, '0000-00-00 00:00:00', '0000-00-00 00:00:00'),
(677, 'Pankshin', 32, '0000-00-00 00:00:00', '0000-00-00 00:00:00'),
(678, 'Qua''an Pan', 32, '0000-00-00 00:00:00', '0000-00-00 00:00:00'),
(679, 'Riyom', 32, '0000-00-00 00:00:00', '0000-00-00 00:00:00'),
(680, 'Shendam', 32, '0000-00-00 00:00:00', '0000-00-00 00:00:00'),
(681, 'Wase', 32, '0000-00-00 00:00:00', '0000-00-00 00:00:00'),
(682, 'Abua/Odual', 33, '0000-00-00 00:00:00', '0000-00-00 00:00:00'),
(683, 'Ahoada East', 33, '0000-00-00 00:00:00', '0000-00-00 00:00:00'),
(684, 'Ahoada West', 33, '0000-00-00 00:00:00', '0000-00-00 00:00:00'),
(685, 'Akuku-Toru', 33, '0000-00-00 00:00:00', '0000-00-00 00:00:00'),
(686, 'Andoni', 33, '0000-00-00 00:00:00', '0000-00-00 00:00:00'),
(687, 'Asari-Toru', 33, '0000-00-00 00:00:00', '0000-00-00 00:00:00'),
(688, 'Bonny', 33, '0000-00-00 00:00:00', '0000-00-00 00:00:00'),
(689, 'Degema', 33, '0000-00-00 00:00:00', '0000-00-00 00:00:00'),
(690, 'Eleme', 33, '0000-00-00 00:00:00', '0000-00-00 00:00:00'),
(691, 'Emuoha', 33, '0000-00-00 00:00:00', '0000-00-00 00:00:00'),
(692, 'Etche', 33, '0000-00-00 00:00:00', '0000-00-00 00:00:00'),
(693, 'Gokana', 33, '0000-00-00 00:00:00', '0000-00-00 00:00:00'),
(694, 'Ikwerre', 33, '0000-00-00 00:00:00', '0000-00-00 00:00:00'),
(695, 'Khana', 33, '0000-00-00 00:00:00', '0000-00-00 00:00:00'),
(696, 'Obio/Akpor', 33, '0000-00-00 00:00:00', '0000-00-00 00:00:00'),
(697, 'Ogba/Egbema/Ndoni', 33, '0000-00-00 00:00:00', '0000-00-00 00:00:00'),
(698, 'Ogu/Bolo', 33, '0000-00-00 00:00:00', '0000-00-00 00:00:00'),
(699, 'Okrika', 33, '0000-00-00 00:00:00', '0000-00-00 00:00:00'),
(700, 'Omuma', 33, '0000-00-00 00:00:00', '0000-00-00 00:00:00'),
(701, 'Opobo/Nkoro', 33, '0000-00-00 00:00:00', '0000-00-00 00:00:00'),
(702, 'Oyigbo', 33, '0000-00-00 00:00:00', '0000-00-00 00:00:00'),
(703, 'Port Harcourt', 33, '0000-00-00 00:00:00', '0000-00-00 00:00:00'),
(704, 'Tai', 33, '0000-00-00 00:00:00', '0000-00-00 00:00:00'),
(705, 'Binji', 34, '0000-00-00 00:00:00', '0000-00-00 00:00:00'),
(706, 'Bodinga', 34, '0000-00-00 00:00:00', '0000-00-00 00:00:00'),
(707, 'Dange Shuni', 34, '0000-00-00 00:00:00', '0000-00-00 00:00:00'),
(708, 'Gada', 34, '0000-00-00 00:00:00', '0000-00-00 00:00:00'),
(709, 'Goronyo', 34, '0000-00-00 00:00:00', '0000-00-00 00:00:00'),
(710, 'Gudu', 34, '0000-00-00 00:00:00', '0000-00-00 00:00:00'),
(711, 'Gwadabawa', 34, '0000-00-00 00:00:00', '0000-00-00 00:00:00'),
(712, 'Illela', 34, '0000-00-00 00:00:00', '0000-00-00 00:00:00'),
(713, 'Isa', 34, '0000-00-00 00:00:00', '0000-00-00 00:00:00'),
(714, 'Kebbe', 34, '0000-00-00 00:00:00', '0000-00-00 00:00:00'),
(715, 'Kware', 34, '0000-00-00 00:00:00', '0000-00-00 00:00:00'),
(716, 'Rabah', 34, '0000-00-00 00:00:00', '0000-00-00 00:00:00'),
(717, 'Sabon Birni', 34, '0000-00-00 00:00:00', '0000-00-00 00:00:00'),
(718, 'Shagari', 34, '0000-00-00 00:00:00', '0000-00-00 00:00:00'),
(719, 'Silame', 34, '0000-00-00 00:00:00', '0000-00-00 00:00:00'),
(720, 'Sokoto North', 34, '0000-00-00 00:00:00', '0000-00-00 00:00:00'),
(721, 'Sokoto South', 34, '0000-00-00 00:00:00', '0000-00-00 00:00:00'),
(722, 'Tambuwal', 34, '0000-00-00 00:00:00', '0000-00-00 00:00:00'),
(723, 'Tangaza', 34, '0000-00-00 00:00:00', '0000-00-00 00:00:00'),
(724, 'Tureta', 34, '0000-00-00 00:00:00', '0000-00-00 00:00:00'),
(725, 'Wamako', 34, '0000-00-00 00:00:00', '0000-00-00 00:00:00'),
(726, 'Wurno', 34, '0000-00-00 00:00:00', '0000-00-00 00:00:00'),
(727, 'Yabo', 34, '0000-00-00 00:00:00', '0000-00-00 00:00:00'),
(728, 'Ardo Kola', 35, '0000-00-00 00:00:00', '0000-00-00 00:00:00'),
(729, 'Bali', 35, '0000-00-00 00:00:00', '0000-00-00 00:00:00'),
(730, 'Donga', 35, '0000-00-00 00:00:00', '0000-00-00 00:00:00'),
(731, 'Gashaka', 35, '0000-00-00 00:00:00', '0000-00-00 00:00:00'),
(732, 'Gassol', 35, '0000-00-00 00:00:00', '0000-00-00 00:00:00'),
(733, 'Ibi', 35, '0000-00-00 00:00:00', '0000-00-00 00:00:00'),
(734, 'Jalingo', 35, '0000-00-00 00:00:00', '0000-00-00 00:00:00'),
(735, 'Karim Lamido', 35, '0000-00-00 00:00:00', '0000-00-00 00:00:00'),
(736, 'Kumi', 35, '0000-00-00 00:00:00', '0000-00-00 00:00:00'),
(737, 'Lau', 35, '0000-00-00 00:00:00', '0000-00-00 00:00:00'),
(738, 'Sardauna', 35, '0000-00-00 00:00:00', '0000-00-00 00:00:00'),
(739, 'Takum', 35, '0000-00-00 00:00:00', '0000-00-00 00:00:00'),
(740, 'Ussa', 35, '0000-00-00 00:00:00', '0000-00-00 00:00:00'),
(741, 'Wukari', 35, '0000-00-00 00:00:00', '0000-00-00 00:00:00'),
(742, 'Yorro', 35, '0000-00-00 00:00:00', '0000-00-00 00:00:00'),
(743, 'Zing', 35, '0000-00-00 00:00:00', '0000-00-00 00:00:00'),
(744, 'Bade', 36, '0000-00-00 00:00:00', '0000-00-00 00:00:00'),
(745, 'Bursari', 36, '0000-00-00 00:00:00', '0000-00-00 00:00:00'),
(746, 'Damaturu', 36, '0000-00-00 00:00:00', '0000-00-00 00:00:00'),
(747, 'Fika', 36, '0000-00-00 00:00:00', '0000-00-00 00:00:00'),
(748, 'Fune', 36, '0000-00-00 00:00:00', '0000-00-00 00:00:00'),
(749, 'Geidam', 36, '0000-00-00 00:00:00', '0000-00-00 00:00:00'),
(750, 'Gujba', 36, '0000-00-00 00:00:00', '0000-00-00 00:00:00'),
(751, 'Gulani', 36, '0000-00-00 00:00:00', '0000-00-00 00:00:00'),
(752, 'Jakusko', 36, '0000-00-00 00:00:00', '0000-00-00 00:00:00'),
(753, 'Karasuwa', 36, '0000-00-00 00:00:00', '0000-00-00 00:00:00');
INSERT INTO `lgas` (`lga_id`, `lga`, `state_id`, `created_at`, `updated_at`) VALUES
(754, 'Machina', 36, '0000-00-00 00:00:00', '0000-00-00 00:00:00'),
(755, 'Nangere', 36, '0000-00-00 00:00:00', '0000-00-00 00:00:00'),
(756, 'Nguru', 36, '0000-00-00 00:00:00', '0000-00-00 00:00:00'),
(757, 'Potiskum', 36, '0000-00-00 00:00:00', '0000-00-00 00:00:00'),
(758, 'Tarmuwa', 36, '0000-00-00 00:00:00', '0000-00-00 00:00:00'),
(759, 'Yunusari', 36, '0000-00-00 00:00:00', '0000-00-00 00:00:00'),
(760, 'Yusufari', 36, '0000-00-00 00:00:00', '0000-00-00 00:00:00'),
(761, 'Anka', 37, '0000-00-00 00:00:00', '0000-00-00 00:00:00'),
(762, 'Bakura', 37, '0000-00-00 00:00:00', '0000-00-00 00:00:00'),
(763, 'Birnin Magaji/Kiyaw', 37, '0000-00-00 00:00:00', '0000-00-00 00:00:00'),
(764, 'Bukkuyum', 37, '0000-00-00 00:00:00', '0000-00-00 00:00:00'),
(765, 'Bungudu', 37, '0000-00-00 00:00:00', '0000-00-00 00:00:00'),
(766, 'Gummi', 37, '0000-00-00 00:00:00', '0000-00-00 00:00:00'),
(767, 'Gusau', 37, '0000-00-00 00:00:00', '0000-00-00 00:00:00'),
(768, 'Kaura Namoda', 37, '0000-00-00 00:00:00', '0000-00-00 00:00:00'),
(769, 'Maradun', 37, '0000-00-00 00:00:00', '0000-00-00 00:00:00'),
(770, 'Maru', 37, '0000-00-00 00:00:00', '0000-00-00 00:00:00'),
(771, 'Shinkafi', 37, '0000-00-00 00:00:00', '0000-00-00 00:00:00'),
(772, 'Talata Mafara', 37, '0000-00-00 00:00:00', '0000-00-00 00:00:00'),
(773, 'Chafe', 37, '0000-00-00 00:00:00', '0000-00-00 00:00:00'),
(774, 'Zurmi', 37, '0000-00-00 00:00:00', '0000-00-00 00:00:00');

-- --------------------------------------------------------

--
-- Table structure for table `menus`
--

CREATE TABLE IF NOT EXISTS `menus` (
`menu_id` int(10) unsigned NOT NULL,
  `menu` varchar(150) COLLATE utf8_unicode_ci NOT NULL,
  `menu_url` varchar(150) COLLATE utf8_unicode_ci DEFAULT NULL,
  `active` int(10) unsigned NOT NULL DEFAULT '1',
  `sequence` int(10) unsigned NOT NULL,
  `icon` varchar(255) COLLATE utf8_unicode_ci NOT NULL,
  `created_at` timestamp NOT NULL DEFAULT '0000-00-00 00:00:00',
  `updated_at` timestamp NOT NULL DEFAULT '0000-00-00 00:00:00'
) ENGINE=InnoDB AUTO_INCREMENT=4 DEFAULT CHARSET=utf8 COLLATE=utf8_unicode_ci;

--
-- Dumping data for table `menus`
--

INSERT INTO `menus` (`menu_id`, `menu`, `menu_url`, `active`, `sequence`, `icon`, `created_at`, `updated_at`) VALUES
(1, 'Master Records', '#', 1, 20, 'fa fa-gears', '2015-10-05 14:34:07', '2015-10-05 14:34:07'),
(2, 'Reports', '#', 1, 2, 'fa fa-folder-open-o', '2015-10-05 14:54:57', '2015-10-05 14:54:57'),
(3, 'Profile', '#', 1, 1, 'fa fa-users', '2015-10-06 08:14:40', '2015-10-06 08:14:40');

-- --------------------------------------------------------

--
-- Table structure for table `menu_items`
--

CREATE TABLE IF NOT EXISTS `menu_items` (
`menu_item_id` int(10) unsigned NOT NULL,
  `menu_item` varchar(150) COLLATE utf8_unicode_ci NOT NULL,
  `menu_item_url` varchar(150) COLLATE utf8_unicode_ci NOT NULL,
  `menu_item_icon` varchar(100) COLLATE utf8_unicode_ci NOT NULL,
  `active` int(10) unsigned NOT NULL DEFAULT '1',
  `sequence` varchar(255) COLLATE utf8_unicode_ci NOT NULL,
  `menu_id` int(10) unsigned NOT NULL,
  `created_at` timestamp NOT NULL DEFAULT '0000-00-00 00:00:00',
  `updated_at` timestamp NOT NULL DEFAULT '0000-00-00 00:00:00'
) ENGINE=InnoDB AUTO_INCREMENT=13 DEFAULT CHARSET=utf8 COLLATE=utf8_unicode_ci;

--
-- Dumping data for table `menu_items`
--

INSERT INTO `menu_items` (`menu_item_id`, `menu_item`, `menu_item_url`, `menu_item_icon`, `active`, `sequence`, `menu_id`, `created_at`, `updated_at`) VALUES
(1, 'Admin Menus', '#', 'fa fa-table', 1, '6', 1, '2015-10-05 14:38:41', '2015-10-16 12:44:54'),
(2, 'Manage Reports', '/reports', 'fa fa-list-alt', 1, '1', 2, '2015-10-05 14:59:02', '2015-10-06 14:30:00'),
(3, 'Create Report', '/reports/create', 'fa fa-plus-square', 1, '2', 2, '2015-10-05 14:59:02', '2015-10-07 08:13:38'),
(4, 'Archived Reports', '/reports/archived', 'fa fa-file-archive-o', 1, '4', 2, '2015-10-05 14:59:02', '2015-10-06 14:46:37'),
(5, 'Basic Settings', '#', 'fa fa-gear', 1, '3', 1, '2015-10-05 15:01:43', '2015-10-16 09:17:20'),
(6, 'View Profile', '/profiles', 'fa fa-eye', 1, '1', 3, '2015-10-06 08:16:22', '2015-10-06 08:28:29'),
(7, 'Edit Profile', '/profiles/edit', 'fa fa-edit', 1, '2', 3, '2015-10-06 08:16:22', '2015-10-06 08:16:22'),
(8, 'User', '#', 'fa fa-user', 1, '5', 1, '2015-10-06 09:10:05', '2015-10-16 09:17:20'),
(9, 'Forwarded Reports', '/reports/forwarded', 'fa fa-send', 1, '3', 2, '2015-10-06 12:46:18', '2015-10-19 08:02:37'),
(10, 'Executives', '#', 'fa fa-briefcase', 1, '1', 1, '2015-10-16 09:17:20', '2015-10-16 09:17:20'),
(11, 'Legislators', '#', 'fa fa-group', 1, '2', 1, '2015-10-16 09:17:20', '2015-10-16 09:22:05'),
(12, 'Pledge Menus', '#', 'fa fa-gears', 1, '4', 1, '2015-10-16 12:44:54', '2015-10-16 12:45:17');

-- --------------------------------------------------------

--
-- Table structure for table `migrations`
--

CREATE TABLE IF NOT EXISTS `migrations` (
  `migration` varchar(255) COLLATE utf8_unicode_ci NOT NULL,
  `batch` int(11) NOT NULL
) ENGINE=InnoDB DEFAULT CHARSET=utf8 COLLATE=utf8_unicode_ci;

--
-- Dumping data for table `migrations`
--

INSERT INTO `migrations` (`migration`, `batch`) VALUES
('2014_10_12_000000_create_users_table', 1),
('2015_10_03_120301_create_states_table', 1),
('2015_10_03_120358_create_lgas_table', 1),
('2015_10_03_151340_create_api_keys_table', 2),
('2015_10_05_102133_create_sectors_table', 2),
('2015_10_05_102229_create_reports_table', 2),
('2015_10_05_104757_create_mobile_users_table', 2),
('2015_10_05_143006_create_salutations_table', 3),
('2015_10_05_145044_create_menus_table', 3),
('2015_10_05_145137_create_menu_items_table', 3),
('2015_10_05_145227_create_sub_menu_items_table', 3),
('2015_10_06_100422_create_user_types_table', 3),
('2015_10_06_122236_create_report_images_table', 4),
('2015_10_12_142806_create_report_sectors_users', 4),
('2015_10_12_142841_create_report_states_users', 4),
('2015_10_16_094851_create_organisations_table', 4),
('2015_10_16_094925_create_organisation_heads_table', 4),
('2015_10_16_131743_create_pledge_menus_table', 5),
('2015_10_16_131811_create_pledge_menu_items_table', 5),
('2015_10_16_131837_create_pledge_sub_menu_items_table', 5),
('2015_10_19_082400_create_government_reports', 6);

-- --------------------------------------------------------

--
-- Table structure for table `mobile_users`
--

CREATE TABLE IF NOT EXISTS `mobile_users` (
`mobile_user_id` int(10) unsigned NOT NULL,
  `first_name` varchar(255) COLLATE utf8_unicode_ci NOT NULL,
  `last_name` varchar(255) COLLATE utf8_unicode_ci NOT NULL,
  `gender` varchar(255) COLLATE utf8_unicode_ci NOT NULL,
  `email` varchar(255) COLLATE utf8_unicode_ci NOT NULL,
  `mobile` varchar(255) COLLATE utf8_unicode_ci DEFAULT NULL,
  `lga_id` int(10) unsigned NOT NULL,
  `avatar` varchar(255) COLLATE utf8_unicode_ci DEFAULT NULL,
  `token` varchar(255) COLLATE utf8_unicode_ci NOT NULL,
  `created_at` timestamp NOT NULL DEFAULT '0000-00-00 00:00:00',
  `updated_at` timestamp NOT NULL DEFAULT '0000-00-00 00:00:00'
) ENGINE=InnoDB AUTO_INCREMENT=12 DEFAULT CHARSET=utf8 COLLATE=utf8_unicode_ci;

--
-- Dumping data for table `mobile_users`
--

INSERT INTO `mobile_users` (`mobile_user_id`, `first_name`, `last_name`, `gender`, `email`, `mobile`, `lga_id`, `avatar`, `token`, `created_at`, `updated_at`) VALUES
(1, 'Ben', 'Ikeji', 'Male', 'benjaminikeji@gmail.com', '08035673792', 7, '', 'f3255bb0-6b47-11e5-801f-f93630412350', '2015-10-06 08:51:30', '2015-10-08 04:43:40'),
(2, 'Benjamin', 'Chinaka', 'Male', 'kheengz@gmail.com', '08030734377', 125, '', '626be150-6b49-11e5-801f-f93630412350', '2015-10-06 08:51:30', '2015-10-08 04:43:46'),
(3, 'Emmanuel', 'Okafor', 'Male', 'nondefyde@gmail.com', '08061537723', 0, '', 'aa2c0d20-6c08-11e5-bd01-51db441c6401', '2015-10-06 08:51:30', '2015-10-06 08:51:30'),
(4, 'Maazi', 'Joker', 'Female', 'chinonso@gmail.com', '08061537723', 0, '', 'e972c820-6c08-11e5-9670-472a8d27598f', '2015-10-06 08:51:30', '2015-10-06 08:51:30'),
(5, 'Meshack', 'Timothy', 'Female', 'timothymeshack@gmail.com', '08012345678', 0, '', '3f9304d0-6c19-11e5-8f40-f9a3a87d648e', '2015-10-06 09:59:00', '2015-10-06 09:59:00'),
(6, 'Aniekan', 'Meshack', 'Male', 'abah@gmail.com', '08034567654', 0, '', '251f4360-6c1f-11e5-96ca-85e0491f4ec2', '2015-10-06 10:41:12', '2015-10-06 10:41:12'),
(7, 'Emmanuel', 'Adams', 'Male', 'emmanueladams@gmail.com', '08166655234', 0, '', '92dffd30-6ced-11e5-a214-bb90dd839f8e', '2015-10-07 07:18:53', '2015-10-07 07:18:53'),
(8, 'KayOh', 'China', 'male', 'kheengz6@gmail.com', '08030734377', 0, '', '3d46ecb0-6cef-11e5-a214-bb90dd839f8e', '2015-10-07 07:30:48', '2015-10-07 07:30:48'),
(9, 'Adamu', 'Adams', 'Male', 'emmanueladamu@gmail.com', '08166655234', 0, '', 'b6fd2130-6d28-11e5-abd4-fd5c16255bf6', '2015-10-07 14:22:14', '2015-10-07 14:22:14'),
(10, 'Oche', 'Adikwu', 'Male', 'adikwuoche@gmail.com', '08060524005', 0, '', '9aaaa6f0-6d29-11e5-be39-89bdce11aca3', '2015-10-07 13:28:36', '2015-10-07 13:28:36'),
(11, 'Olosho', 'Micheal', 'Male', 'benjamin4mic@yahoo.com', '08134006523', 0, '', '1ac84380-6dd2-11e5-9d0e-f9670a0073b4', '2015-10-08 03:34:46', '2015-10-08 03:52:49');

-- --------------------------------------------------------

--
-- Table structure for table `organisations`
--

CREATE TABLE IF NOT EXISTS `organisations` (
`organisation_id` int(10) unsigned NOT NULL,
  `name` varchar(255) COLLATE utf8_unicode_ci NOT NULL,
  `cac_registration_no` varchar(255) COLLATE utf8_unicode_ci DEFAULT NULL,
  `address` varchar(255) COLLATE utf8_unicode_ci NOT NULL,
  `email` varchar(255) COLLATE utf8_unicode_ci DEFAULT NULL,
  `phone_no` varchar(255) COLLATE utf8_unicode_ci DEFAULT NULL,
  `description` varchar(255) COLLATE utf8_unicode_ci DEFAULT NULL,
  `logo_url` varchar(255) COLLATE utf8_unicode_ci DEFAULT NULL,
  `responsibility` varchar(255) COLLATE utf8_unicode_ci DEFAULT NULL,
  `sector_id` int(10) unsigned NOT NULL,
  `lga_id` int(10) unsigned NOT NULL,
  `organisation_head_id` int(10) unsigned NOT NULL,
  `user_id` int(10) unsigned NOT NULL,
  `created_at` timestamp NOT NULL DEFAULT '0000-00-00 00:00:00',
  `updated_at` timestamp NOT NULL DEFAULT '0000-00-00 00:00:00'
) ENGINE=InnoDB AUTO_INCREMENT=2 DEFAULT CHARSET=utf8 COLLATE=utf8_unicode_ci;

--
-- Dumping data for table `organisations`
--

INSERT INTO `organisations` (`organisation_id`, `name`, `cac_registration_no`, `address`, `email`, `phone_no`, `description`, `logo_url`, `responsibility`, `sector_id`, `lga_id`, `organisation_head_id`, `user_id`, `created_at`, `updated_at`) VALUES
(1, 'Ministry of Youth and Sports', 'TAC849439004', 'Ministry of Youth and Sports', 'youthandsports@gmail.com', '', 'Ministry of Youth and Sports', NULL, 'Ministry of Youth and Sports', 4, 642, 7, 3, '2015-10-16 14:44:27', '2015-10-19 06:54:46');

-- --------------------------------------------------------

--
-- Table structure for table `organisation_heads`
--

CREATE TABLE IF NOT EXISTS `organisation_heads` (
`organisation_head_id` int(10) unsigned NOT NULL,
  `parent_user_id` int(10) unsigned NOT NULL,
  `child_user_id` int(10) unsigned NOT NULL,
  `state_id` int(10) unsigned NOT NULL,
  `created_at` timestamp NOT NULL DEFAULT '0000-00-00 00:00:00',
  `updated_at` timestamp NOT NULL DEFAULT '0000-00-00 00:00:00'
) ENGINE=InnoDB AUTO_INCREMENT=2 DEFAULT CHARSET=utf8 COLLATE=utf8_unicode_ci;

--
-- Dumping data for table `organisation_heads`
--

INSERT INTO `organisation_heads` (`organisation_head_id`, `parent_user_id`, `child_user_id`, `state_id`, `created_at`, `updated_at`) VALUES
(1, 6, 7, 1, '2015-10-16 14:32:21', '2015-10-16 14:32:21');

-- --------------------------------------------------------

--
-- Table structure for table `pledge_menus`
--

CREATE TABLE IF NOT EXISTS `pledge_menus` (
`pledge_menu_id` int(10) unsigned NOT NULL,
  `pledge_menu` varchar(150) COLLATE utf8_unicode_ci NOT NULL,
  `pledge_menu_url` varchar(150) COLLATE utf8_unicode_ci DEFAULT NULL,
  `pledge_icon` varchar(255) COLLATE utf8_unicode_ci NOT NULL,
  `active` int(10) unsigned NOT NULL DEFAULT '1',
  `sequence` int(10) unsigned NOT NULL,
  `created_at` timestamp NOT NULL DEFAULT '0000-00-00 00:00:00',
  `updated_at` timestamp NOT NULL DEFAULT '0000-00-00 00:00:00'
) ENGINE=InnoDB AUTO_INCREMENT=4 DEFAULT CHARSET=utf8 COLLATE=utf8_unicode_ci;

--
-- Dumping data for table `pledge_menus`
--

INSERT INTO `pledge_menus` (`pledge_menu_id`, `pledge_menu`, `pledge_menu_url`, `pledge_icon`, `active`, `sequence`, `created_at`, `updated_at`) VALUES
(1, 'Profile', '#', 'fa fa-users', 1, 1, '2015-10-16 12:12:05', '2015-10-16 12:12:05'),
(2, 'Reports', '#', 'fa fa-folder-open-o', 1, 2, '2015-10-16 12:12:05', '2015-10-16 12:12:05'),
(3, 'Organizations', '#', 'fa fa-table', 1, 4, '2015-10-16 12:52:56', '2015-10-16 12:57:42');

-- --------------------------------------------------------

--
-- Table structure for table `pledge_menu_items`
--

CREATE TABLE IF NOT EXISTS `pledge_menu_items` (
`pledge_menu_item_id` int(10) unsigned NOT NULL,
  `pledge_menu_item` varchar(150) COLLATE utf8_unicode_ci NOT NULL,
  `pledge_menu_item_url` varchar(150) COLLATE utf8_unicode_ci NOT NULL,
  `pledge_menu_item_icon` varchar(100) COLLATE utf8_unicode_ci NOT NULL,
  `active` int(10) unsigned NOT NULL DEFAULT '1',
  `sequence` varchar(255) COLLATE utf8_unicode_ci NOT NULL,
  `pledge_menu_id` int(10) unsigned NOT NULL,
  `created_at` timestamp NOT NULL DEFAULT '0000-00-00 00:00:00',
  `updated_at` timestamp NOT NULL DEFAULT '0000-00-00 00:00:00'
) ENGINE=InnoDB AUTO_INCREMENT=9 DEFAULT CHARSET=utf8 COLLATE=utf8_unicode_ci;

--
-- Dumping data for table `pledge_menu_items`
--

INSERT INTO `pledge_menu_items` (`pledge_menu_item_id`, `pledge_menu_item`, `pledge_menu_item_url`, `pledge_menu_item_icon`, `active`, `sequence`, `pledge_menu_id`, `created_at`, `updated_at`) VALUES
(1, 'View Profile', '/profiles', 'fa fa-eye', 1, '1', 1, '2015-10-16 12:29:23', '2015-10-16 12:29:23'),
(2, 'Edit Profile', '/profiles/edit', 'fa fa-edit', 1, '2', 1, '2015-10-16 12:29:23', '2015-10-16 12:29:23'),
(3, 'Manage Reports', '/reports', 'fa fa-list-alt', 1, '1', 2, '2015-10-16 12:37:51', '2015-10-16 12:37:51'),
(4, 'Pending Reports', '/reports/pending', 'fa fa-file-archive-o', 1, '2', 2, '2015-10-16 12:37:51', '2015-10-16 12:37:51'),
(5, 'Approved Reports', '/reports/approved', 'fa fa-send', 1, '3', 2, '2015-10-16 12:37:51', '2015-10-16 12:37:51'),
(6, 'Manage ', '/organisations', 'fa fa-list-alt', 1, '1', 3, '2015-10-16 12:54:44', '2015-10-16 12:54:44'),
(7, 'Create', '/organisations/create', 'fa fa-plus', 1, '2', 3, '2015-10-16 12:54:44', '2015-10-16 12:54:44'),
(8, 'Organization Heads', '#', 'fa fa-user', 1, '3', 3, '2015-10-16 12:54:44', '2015-10-16 12:54:44');

-- --------------------------------------------------------

--
-- Table structure for table `pledge_sub_menu_items`
--

CREATE TABLE IF NOT EXISTS `pledge_sub_menu_items` (
`pledge_sub_menu_item_id` int(10) unsigned NOT NULL,
  `pledge_sub_menu_item` varchar(150) COLLATE utf8_unicode_ci NOT NULL,
  `pledge_sub_menu_item_url` varchar(150) COLLATE utf8_unicode_ci NOT NULL,
  `pledge_sub_menu_item_icon` varchar(100) COLLATE utf8_unicode_ci NOT NULL,
  `active` int(10) unsigned NOT NULL DEFAULT '1',
  `sequence` varchar(255) COLLATE utf8_unicode_ci NOT NULL,
  `pledge_menu_item_id` int(10) unsigned NOT NULL,
  `created_at` timestamp NOT NULL DEFAULT '0000-00-00 00:00:00',
  `updated_at` timestamp NOT NULL DEFAULT '0000-00-00 00:00:00'
) ENGINE=InnoDB AUTO_INCREMENT=3 DEFAULT CHARSET=utf8 COLLATE=utf8_unicode_ci;

--
-- Dumping data for table `pledge_sub_menu_items`
--

INSERT INTO `pledge_sub_menu_items` (`pledge_sub_menu_item_id`, `pledge_sub_menu_item`, `pledge_sub_menu_item_url`, `pledge_sub_menu_item_icon`, `active`, `sequence`, `pledge_menu_item_id`, `created_at`, `updated_at`) VALUES
(1, 'Manage', '/organisation-heads', 'fa fa-table', 1, '1', 8, '2015-10-16 12:55:54', '2015-10-16 12:57:26'),
(2, 'Create', '/organisation-heads/create', 'fa fa-plus', 1, '2', 8, '2015-10-16 12:55:54', '2015-10-16 12:55:54');

-- --------------------------------------------------------

--
-- Table structure for table `reports`
--

CREATE TABLE IF NOT EXISTS `reports` (
`report_id` int(10) unsigned NOT NULL,
  `title` varchar(255) COLLATE utf8_unicode_ci NOT NULL,
  `description` varchar(255) COLLATE utf8_unicode_ci DEFAULT NULL,
  `report_time` timestamp NOT NULL DEFAULT '0000-00-00 00:00:00',
  `forward` int(11) NOT NULL DEFAULT '0',
  `archive` int(11) NOT NULL DEFAULT '0',
  `notification` int(11) NOT NULL DEFAULT '0',
  `sector_id` int(10) unsigned NOT NULL,
  `mobile_user_id` int(10) unsigned NOT NULL,
  `state_id` int(10) unsigned NOT NULL,
  `location_id` int(10) unsigned NOT NULL,
  `created_at` timestamp NOT NULL DEFAULT '0000-00-00 00:00:00',
  `updated_at` timestamp NOT NULL DEFAULT '0000-00-00 00:00:00'
) ENGINE=InnoDB AUTO_INCREMENT=27 DEFAULT CHARSET=utf8 COLLATE=utf8_unicode_ci;

--
-- Dumping data for table `reports`
--

INSERT INTO `reports` (`report_id`, `title`, `description`, `report_time`, `forward`, `archive`, `notification`, `sector_id`, `mobile_user_id`, `state_id`, `location_id`, `created_at`, `updated_at`) VALUES
(1, 'Broke Pipeline', 'There is a broken pipeline along Nnewi road close to Basinga hotel. The thing is causing too much oil spill and there is fear of explosion', '2015-10-07 23:00:00', 1, 0, 0, 1, 7, 32, 0, '2015-10-14 07:35:21', '2015-10-19 08:56:36'),
(2, 'Damaged Hospital', 'There is a damaged hospital. This is preventing people from getting the necessary treatment needed', '2015-10-04 23:00:00', 1, 0, 0, 2, 1, 36, 0, '2015-10-14 07:37:48', '2015-10-14 07:37:48'),
(3, 'Rioting in School', 'Riot outbreak in Ododo High School where students are beating teahers', '2015-09-29 23:00:00', 0, 0, 0, 3, 4, 30, 0, '2015-10-14 07:42:53', '2015-10-19 15:20:56'),
(4, 'Junction Destruction', 'Broken down junction overturn that is preventing people from sitting down at the junction to the other places of the junction so that the junction will not be able to be a junction for the rest part of the junction.', '2015-09-27 23:00:00', 1, 0, 0, 7, 8, 6, 0, '2015-10-14 08:50:41', '2015-10-19 11:33:59'),
(5, 'Huge Pot Hole', 'There is a huge pot hole blocking the residents of Nnewi land, preventing free flow of transportation', '2015-09-07 23:00:00', 1, 0, 1, 7, 6, 35, 0, '2015-10-14 08:52:25', '2015-10-19 15:39:43'),
(6, 'Collapsed Building', 'There is a collapsed story building near 24street road. There seems to be a lot of individuals trapped inside', '2015-08-31 23:00:00', 0, 0, 0, 8, 2, 25, 0, '2015-10-14 08:57:15', '2015-10-14 08:57:15'),
(7, 'Overflood', 'There is overflooding in Leki beach. There is a lot of damaged property and people struggling to survive the situation.', '2015-08-10 23:00:00', 0, 0, 0, 7, 4, 34, 0, '2015-10-14 09:00:28', '2015-10-14 09:00:28'),
(8, 'Release of zoo animals', 'The lion cage has been left open mistakenly and there are alot of animals running all around. The streets are not safe', '2015-08-03 23:00:00', 0, 0, 0, 2, 6, 37, 0, '2015-10-14 09:03:58', '2015-10-14 09:03:58'),
(9, 'Destroyed Bridge', 'The Niger-Delta intercontinental bridge has been broken and there are people all around who do not know what to do. Transportation has been halted', '2015-10-06 23:00:00', 0, 0, 0, 7, 9, 27, 0, '2015-10-14 09:05:26', '2015-10-19 15:04:16'),
(10, 'Dead Cattle by River', 'There are dead cattle everywhere in the Lake chad river in borno. for some reason i don''t know all the cattle here are dead beside the river bank. there are about 1000 catle dead', '2015-07-19 23:00:00', 0, 0, 0, 2, 5, 8, 0, '2015-10-14 09:11:12', '2015-10-19 15:07:33'),
(11, 'Bomb Blast', 'Bomb blast near the place where there was a bomb blast. Dont wish this to happen at all because we want peace in the nation', '2015-08-03 23:00:00', 0, 0, 0, 6, 3, 29, 0, '2015-10-14 09:13:50', '2015-10-19 15:06:27'),
(12, 'Broken Tree branch', 'There is a broken tree branch that is blocking the whole area in the region', '2015-06-07 23:00:00', 0, 0, 0, 4, 6, 27, 0, '2015-10-14 09:16:34', '2015-10-19 15:05:16'),
(13, 'Wild Fire', 'Wild fire broke out in the western river region where the green grass was not able to be contained in the location of the other place', '2015-07-05 23:00:00', 0, 0, 0, 8, 8, 34, 0, '2015-10-14 09:18:41', '2015-10-14 09:18:41'),
(14, 'Dirty Dam', 'The sushisi dam has been dirty and been a site of pollution for more than 15 years. This is the only source of water for people', '2015-07-06 23:00:00', 0, 0, 0, 2, 7, 31, 0, '2015-10-14 09:42:40', '2015-10-14 09:42:40'),
(15, 'Terminus Market ', 'The terminus market place once considered the heart of the north has been long neglected for nearly 10years now since the bombings that took place in 2005.', '2015-10-11 23:00:00', 0, 0, 0, 9, 4, 32, 0, '2015-10-14 09:44:48', '2015-10-14 09:44:48'),
(16, 'Idowu Musical Theatre', 'The musical instrument center is less of a thing of the past as the thing doesn''t want to be constructed to bring about the real deal of the other real deals', '2015-08-17 23:00:00', 0, 0, 0, 3, 8, 32, 0, '2015-10-14 09:58:39', '2015-10-14 09:58:39'),
(17, 'Underdeveloped sports center', 'The international sports center for the club federation is something that has to do with the educational sector and other sectors that i''m not aware of in that case so do something about it', '2015-09-21 23:00:00', 0, 0, 0, 8, 1, 37, 0, '2015-10-14 10:02:14', '2015-10-19 15:06:44'),
(18, 'Blown out  streetlights', 'The street lights along ramp pang road in the middle of no where are still not in utilization till this moment. They cause accidents everywhere', '2015-06-27 23:00:00', 0, 0, 0, 1, 4, 32, 0, '2015-10-14 11:48:00', '2015-10-19 15:03:02'),
(19, 'No streetlights', 'There are no streetlights across the whole country from the ajucamikiti junction to the other junction of the road where the people can actually drive at night. this causes accidents in the highest order to the community and we request that you can highly', '2015-09-27 23:00:00', 0, 0, 0, 1, 10, 32, 0, '2015-10-14 12:01:16', '2015-10-19 15:07:19'),
(20, 'Destroyed Tarmac', 'The Nnamdi Azikiwe airport has a destoyed tarmac that doesn''t work when airplanes do drive throughs. as a result there have been alot of delayed flights y the community and the other people have also been having issues with the whole situation of that fli', '2015-09-28 23:00:00', 0, 0, 0, 10, 2, 27, 0, '2015-10-14 12:04:34', '2015-10-19 15:06:59'),
(21, 'Poor state of taxis ', 'The independent commission on local government taxi taking places is that one of which one cannot really say really what is wrong with the taxi people and as such cannot blame anyone for the issue that the taxis don''t have ac. see to it', '2015-09-26 23:00:00', 0, 0, 0, 11, 3, 36, 0, '2015-10-14 12:08:09', '2015-10-19 14:34:00'),
(22, 'Iloffa Park Inoperative', 'The iloffa international national park is inoperative and has been for more than 20years. There is need for the government to look into this so as to enable proper movement of people from one state to another and stop stressing indigenes and corps members', '2015-08-10 23:00:00', 0, 0, 0, 11, 1, 24, 0, '2015-10-14 12:27:51', '2015-10-19 14:34:32'),
(23, 'Destroyed Car park', 'The jabbi car park in the Abuja area sister for the people and now the thing doesn''t change for anything at all', '2015-07-06 23:00:00', 0, 0, 0, 11, 3, 32, 0, '2015-10-14 13:34:51', '2015-10-19 14:30:40'),
(24, 'School Reconstruction', 'There have been several schools in the other place where there is no school for anything else and when the problem is other there', '2015-08-03 23:00:00', 0, 0, 0, 3, 1, 36, 0, '2015-10-14 13:36:25', '2015-10-19 14:37:07'),
(25, 'Odduduwa Market stands', 'as a result of the reconstruction of the whole market force, the oduduwa market has lost every single thing that made it unique in aspects of other things as i don''t know what that even means but they say help is required', '2015-07-05 23:00:00', 0, 0, 0, 9, 9, 31, 0, '2015-10-14 13:41:34', '2015-10-19 14:35:07'),
(26, 'Desolate Computer Center', 'The computer center of the lokoja kiniko is now in an archaic state because no one  has actually decided to let go of the whole situation and decided that they are not going to do anything else new to the place so they have now said that they are in need ', '2015-08-03 23:00:00', 0, 0, 0, 5, 2, 36, 0, '2015-10-14 13:43:56', '2015-10-19 13:45:03');

-- --------------------------------------------------------

--
-- Table structure for table `reports_images`
--

CREATE TABLE IF NOT EXISTS `reports_images` (
`report_image_id` int(10) unsigned NOT NULL,
  `image_url` varchar(255) COLLATE utf8_unicode_ci NOT NULL,
  `report_id` int(10) unsigned NOT NULL,
  `created_at` timestamp NOT NULL DEFAULT '0000-00-00 00:00:00',
  `updated_at` timestamp NOT NULL DEFAULT '0000-00-00 00:00:00'
) ENGINE=InnoDB AUTO_INCREMENT=37 DEFAULT CHARSET=utf8 COLLATE=utf8_unicode_ci;

--
-- Dumping data for table `reports_images`
--

INSERT INTO `reports_images` (`report_image_id`, `image_url`, `report_id`, `created_at`, `updated_at`) VALUES
(1, '1_report.JPG', 1, '2015-10-14 07:35:21', '2015-10-14 07:35:21'),
(2, '2_report.JPG', 2, '2015-10-14 07:37:48', '2015-10-14 07:37:48'),
(3, '3_report.JPG', 3, '2015-10-14 07:42:53', '2015-10-14 07:42:53'),
(4, '2_report.JPG', 3, '2015-10-14 07:42:53', '2015-10-14 07:42:53'),
(5, '3_report.JPG', 3, '2015-10-14 07:42:53', '2015-10-14 07:42:53'),
(6, '4_report.jpg', 4, '2015-10-14 08:50:41', '2015-10-14 08:50:41'),
(7, '5_report.JPG', 5, '2015-10-14 08:52:25', '2015-10-14 08:52:25'),
(8, '6_report.jpg', 6, '2015-10-14 08:57:15', '2015-10-14 08:57:15'),
(9, '7_report.JPG', 7, '2015-10-14 09:00:28', '2015-10-14 09:00:28'),
(10, '8_report.jpg', 8, '2015-10-14 09:03:58', '2015-10-14 09:03:58'),
(11, '9_report.JPG', 9, '2015-10-14 09:05:27', '2015-10-14 09:05:27'),
(12, '10_report.JPG', 10, '2015-10-14 09:11:12', '2015-10-14 09:11:12'),
(13, '11_report.jpg', 11, '2015-10-14 09:13:50', '2015-10-14 09:13:50'),
(14, '12_report.JPG', 12, '2015-10-14 09:16:34', '2015-10-14 09:16:34'),
(15, '13_report.JPG', 13, '2015-10-14 09:18:41', '2015-10-14 09:18:41'),
(16, '14_report.JPG', 14, '2015-10-14 09:42:40', '2015-10-14 09:42:40'),
(17, '15_report.jpg', 15, '2015-10-14 09:44:48', '2015-10-14 09:44:48'),
(18, '11_report.JPG', 9, '2015-10-14 09:05:27', '2015-10-14 09:05:27'),
(19, '11_report.JPG', 12, '2015-10-14 09:16:34', '2015-10-14 09:16:34'),
(20, '13_report.JPG', 12, '2015-10-14 09:16:34', '2015-10-14 09:16:34'),
(21, '16_report.JPG', 16, '2015-10-14 09:58:39', '2015-10-14 09:58:39'),
(22, '17_report.JPG', 17, '2015-10-14 10:02:14', '2015-10-14 10:02:14'),
(23, '18_report.jpg', 18, '2015-10-14 11:48:01', '2015-10-14 11:48:01'),
(24, '19_report.jpg', 19, '2015-10-14 12:01:16', '2015-10-14 12:01:16'),
(25, '20_report.JPG', 20, '2015-10-14 12:04:35', '2015-10-14 12:04:35'),
(26, '21_report.jpg', 21, '2015-10-14 12:08:09', '2015-10-14 12:08:09'),
(27, '22_report.JPG', 22, '2015-10-14 12:27:51', '2015-10-14 12:27:51'),
(28, '23_report.JPG', 23, '2015-10-14 13:34:51', '2015-10-14 13:34:51'),
(29, '24_report.JPG', 24, '2015-10-14 13:36:25', '2015-10-14 13:36:25'),
(30, '25_report.JPG', 25, '2015-10-14 13:41:34', '2015-10-14 13:41:34'),
(31, '26_report.jpg', 26, '2015-10-14 13:43:56', '2015-10-14 13:43:56'),
(32, '12_report.JPG', 17, '2015-10-14 10:02:14', '2015-10-14 10:02:14'),
(33, '14_report.jpg', 18, '2015-10-14 11:48:01', '2015-10-14 11:48:01'),
(34, '11_report.jpg', 4, '2015-10-14 08:50:41', '2015-10-14 08:50:41'),
(35, '16_report.JPG', 12, '2015-10-14 09:16:34', '2015-10-14 09:16:34'),
(36, '18_report.jpg', 4, '2015-10-14 08:50:41', '2015-10-14 08:50:41');

-- --------------------------------------------------------

--
-- Table structure for table `report_sectors_users`
--

CREATE TABLE IF NOT EXISTS `report_sectors_users` (
  `sector_id` int(10) unsigned NOT NULL,
  `user_id` int(10) unsigned NOT NULL
) ENGINE=InnoDB DEFAULT CHARSET=utf8 COLLATE=utf8_unicode_ci;

--
-- Dumping data for table `report_sectors_users`
--

INSERT INTO `report_sectors_users` (`sector_id`, `user_id`) VALUES
(4, 1),
(3, 1),
(2, 1),
(1, 1),
(3, 2),
(1, 2),
(4, 3),
(5, 1),
(4, 4),
(2, 4),
(5, 5),
(9, 1),
(8, 1),
(6, 1),
(7, 1),
(10, 1),
(11, 1),
(4, 6),
(8, 6),
(5, 6),
(11, 6);

-- --------------------------------------------------------

--
-- Table structure for table `report_states_users`
--

CREATE TABLE IF NOT EXISTS `report_states_users` (
  `state_id` int(10) unsigned NOT NULL,
  `user_id` int(10) unsigned NOT NULL
) ENGINE=InnoDB DEFAULT CHARSET=utf8 COLLATE=utf8_unicode_ci;

--
-- Dumping data for table `report_states_users`
--

INSERT INTO `report_states_users` (`state_id`, `user_id`) VALUES
(1, 1),
(2, 1),
(3, 1),
(4, 1),
(5, 1),
(7, 3),
(8, 3),
(9, 3),
(6, 1),
(7, 1),
(8, 1),
(9, 1),
(10, 1),
(11, 1),
(12, 1),
(13, 1),
(14, 1),
(15, 1),
(16, 1),
(17, 1),
(18, 1),
(19, 1),
(20, 1),
(21, 1),
(22, 1),
(23, 1),
(24, 1),
(25, 1),
(26, 1),
(27, 1),
(28, 1),
(29, 1),
(30, 1),
(31, 1),
(32, 1),
(33, 1),
(34, 1),
(35, 1),
(36, 1),
(37, 1),
(1, 2),
(2, 2),
(4, 6),
(5, 6),
(6, 6);

-- --------------------------------------------------------

--
-- Table structure for table `salutations`
--

CREATE TABLE IF NOT EXISTS `salutations` (
`salutation_id` int(10) unsigned NOT NULL,
  `salutation` varchar(255) COLLATE utf8_unicode_ci NOT NULL,
  `salutation_abbr` varchar(255) COLLATE utf8_unicode_ci NOT NULL,
  `created_at` timestamp NOT NULL DEFAULT '0000-00-00 00:00:00',
  `updated_at` timestamp NOT NULL DEFAULT '0000-00-00 00:00:00'
) ENGINE=InnoDB AUTO_INCREMENT=13 DEFAULT CHARSET=utf8 COLLATE=utf8_unicode_ci;

--
-- Dumping data for table `salutations`
--

INSERT INTO `salutations` (`salutation_id`, `salutation`, `salutation_abbr`, `created_at`, `updated_at`) VALUES
(1, 'Mister', 'Mr.', '0000-00-00 00:00:00', '0000-00-00 00:00:00'),
(2, 'Mistress', 'Mrs.', '0000-00-00 00:00:00', '0000-00-00 00:00:00'),
(3, 'Miss', 'Miss.', '0000-00-00 00:00:00', '0000-00-00 00:00:00'),
(4, 'Mrs.', 'Mrs', '0000-00-00 00:00:00', '0000-00-00 00:00:00'),
(5, 'Doctor', 'Dr.', '0000-00-00 00:00:00', '0000-00-00 00:00:00'),
(6, 'Chief', 'Chief.', '0000-00-00 00:00:00', '0000-00-00 00:00:00'),
(7, 'Barrister', 'Barr.', '0000-00-00 00:00:00', '0000-00-00 00:00:00'),
(8, 'Engineer', 'Engr.', '0000-00-00 00:00:00', '0000-00-00 00:00:00'),
(9, 'Honorable', 'Hon.', '0000-00-00 00:00:00', '0000-00-00 00:00:00'),
(10, 'Arch', 'Arch.', '0000-00-00 00:00:00', '0000-00-00 00:00:00'),
(11, 'Alhaji', 'Alh.', '0000-00-00 00:00:00', '0000-00-00 00:00:00'),
(12, 'Professor', 'Prof.', '0000-00-00 00:00:00', '0000-00-00 00:00:00');

-- --------------------------------------------------------

--
-- Table structure for table `sectors`
--

CREATE TABLE IF NOT EXISTS `sectors` (
`sector_id` int(10) unsigned NOT NULL,
  `sector` varchar(150) COLLATE utf8_unicode_ci NOT NULL,
  `created_at` timestamp NOT NULL DEFAULT '0000-00-00 00:00:00',
  `updated_at` timestamp NOT NULL DEFAULT '0000-00-00 00:00:00'
) ENGINE=InnoDB AUTO_INCREMENT=12 DEFAULT CHARSET=utf8 COLLATE=utf8_unicode_ci;

--
-- Dumping data for table `sectors`
--

INSERT INTO `sectors` (`sector_id`, `sector`, `created_at`, `updated_at`) VALUES
(1, 'Power', '2015-10-05 13:02:58', '2015-10-05 13:02:58'),
(2, 'Health', '2015-10-05 13:03:20', '2015-10-05 13:03:20'),
(3, 'Education', '2015-10-05 13:03:20', '2015-10-05 13:03:20'),
(4, 'Agriculture', '2015-10-12 07:32:37', '2015-10-12 07:32:37'),
(5, 'Information Technology', '2015-10-12 07:32:37', '2015-10-12 07:32:37'),
(6, 'Security', '2015-10-14 07:57:53', '2015-10-14 07:57:53'),
(7, 'Works', '2015-10-14 08:03:37', '2015-10-14 08:03:37'),
(8, 'Housing', '2015-10-14 08:03:48', '2015-10-14 08:03:48'),
(9, 'Commerce and Industries', '2015-10-14 08:03:48', '2015-10-14 08:03:48'),
(10, 'Aviation', '2015-10-14 10:44:20', '2015-10-14 10:44:20'),
(11, 'Transportation', '2015-10-14 10:44:32', '2015-10-14 10:44:32');

-- --------------------------------------------------------

--
-- Table structure for table `states`
--

CREATE TABLE IF NOT EXISTS `states` (
`state_id` int(10) unsigned NOT NULL,
  `state` varchar(255) COLLATE utf8_unicode_ci NOT NULL,
  `state_code` varchar(10) COLLATE utf8_unicode_ci NOT NULL,
  `created_at` timestamp NOT NULL DEFAULT '0000-00-00 00:00:00',
  `updated_at` timestamp NOT NULL DEFAULT '0000-00-00 00:00:00'
) ENGINE=InnoDB AUTO_INCREMENT=38 DEFAULT CHARSET=utf8 COLLATE=utf8_unicode_ci;

--
-- Dumping data for table `states`
--

INSERT INTO `states` (`state_id`, `state`, `state_code`, `created_at`, `updated_at`) VALUES
(1, 'Abia', 'AB', '0000-00-00 00:00:00', '0000-00-00 00:00:00'),
(2, 'Adamawa', 'AD', '0000-00-00 00:00:00', '0000-00-00 00:00:00'),
(3, 'Akwa Ibom', 'AK', '0000-00-00 00:00:00', '0000-00-00 00:00:00'),
(4, 'Anambra', 'AN', '0000-00-00 00:00:00', '0000-00-00 00:00:00'),
(5, 'Bauchi', 'BA', '0000-00-00 00:00:00', '0000-00-00 00:00:00'),
(6, 'Bayelsa', 'BY', '0000-00-00 00:00:00', '0000-00-00 00:00:00'),
(7, 'Benue', 'BN', '0000-00-00 00:00:00', '0000-00-00 00:00:00'),
(8, 'Borno', 'BO', '0000-00-00 00:00:00', '0000-00-00 00:00:00'),
(9, 'Cross River', 'CR', '0000-00-00 00:00:00', '0000-00-00 00:00:00'),
(10, 'Delta', 'DT', '0000-00-00 00:00:00', '0000-00-00 00:00:00'),
(11, 'Ebonyi', 'EB', '0000-00-00 00:00:00', '0000-00-00 00:00:00'),
(12, 'Edo', 'ED', '0000-00-00 00:00:00', '0000-00-00 00:00:00'),
(13, 'Ekiti', 'EK', '0000-00-00 00:00:00', '0000-00-00 00:00:00'),
(14, 'Enugu', 'EN', '0000-00-00 00:00:00', '0000-00-00 00:00:00'),
(15, 'FCT', 'FCT', '0000-00-00 00:00:00', '0000-00-00 00:00:00'),
(16, 'Gombe', 'GM', '0000-00-00 00:00:00', '0000-00-00 00:00:00'),
(17, 'Imo', 'IM', '0000-00-00 00:00:00', '0000-00-00 00:00:00'),
(18, 'Jigawa', 'JG', '0000-00-00 00:00:00', '0000-00-00 00:00:00'),
(19, 'Kaduna', 'KD', '0000-00-00 00:00:00', '0000-00-00 00:00:00'),
(20, 'Kano', 'KN', '0000-00-00 00:00:00', '0000-00-00 00:00:00'),
(21, 'Katsina', 'KT', '0000-00-00 00:00:00', '0000-00-00 00:00:00'),
(22, 'Kebbi', 'KB', '0000-00-00 00:00:00', '0000-00-00 00:00:00'),
(23, 'Kogi', 'KG', '0000-00-00 00:00:00', '0000-00-00 00:00:00'),
(24, 'Kwara', 'KW', '0000-00-00 00:00:00', '0000-00-00 00:00:00'),
(25, 'Lagos', 'LA', '0000-00-00 00:00:00', '0000-00-00 00:00:00'),
(26, 'Nasarawa', 'NW', '0000-00-00 00:00:00', '0000-00-00 00:00:00'),
(27, 'Niger', 'NG', '0000-00-00 00:00:00', '0000-00-00 00:00:00'),
(28, 'Ogun', 'OG', '0000-00-00 00:00:00', '0000-00-00 00:00:00'),
(29, 'Ondo', 'OD', '0000-00-00 00:00:00', '0000-00-00 00:00:00'),
(30, 'Osun', 'OS', '0000-00-00 00:00:00', '0000-00-00 00:00:00'),
(31, 'Oyo', 'OY', '0000-00-00 00:00:00', '0000-00-00 00:00:00'),
(32, 'Plateau', 'PL', '0000-00-00 00:00:00', '0000-00-00 00:00:00'),
(33, 'Rivers', 'RV', '0000-00-00 00:00:00', '0000-00-00 00:00:00'),
(34, 'Sokoto', 'SO', '0000-00-00 00:00:00', '0000-00-00 00:00:00'),
(35, 'Taraba', 'TR', '0000-00-00 00:00:00', '0000-00-00 00:00:00'),
(36, 'Yobe', 'YB', '0000-00-00 00:00:00', '0000-00-00 00:00:00'),
(37, 'Zamfara', 'ZF', '0000-00-00 00:00:00', '0000-00-00 00:00:00');

-- --------------------------------------------------------

--
-- Table structure for table `sub_menu_items`
--

CREATE TABLE IF NOT EXISTS `sub_menu_items` (
`sub_menu_item_id` int(10) unsigned NOT NULL,
  `sub_menu_item` varchar(150) COLLATE utf8_unicode_ci NOT NULL,
  `sub_menu_item_url` varchar(150) COLLATE utf8_unicode_ci NOT NULL,
  `sub_menu_item_icon` varchar(100) COLLATE utf8_unicode_ci NOT NULL,
  `active` int(10) unsigned NOT NULL DEFAULT '1',
  `sequence` varchar(255) COLLATE utf8_unicode_ci NOT NULL,
  `menu_item_id` int(10) unsigned NOT NULL,
  `created_at` timestamp NOT NULL DEFAULT '0000-00-00 00:00:00',
  `updated_at` timestamp NOT NULL DEFAULT '0000-00-00 00:00:00'
) ENGINE=InnoDB AUTO_INCREMENT=14 DEFAULT CHARSET=utf8 COLLATE=utf8_unicode_ci;

--
-- Dumping data for table `sub_menu_items`
--

INSERT INTO `sub_menu_items` (`sub_menu_item_id`, `sub_menu_item`, `sub_menu_item_url`, `sub_menu_item_icon`, `active`, `sequence`, `menu_item_id`, `created_at`, `updated_at`) VALUES
(1, 'Menus', '/menus', 'fa fa-group', 1, '1', 1, '2015-10-05 14:48:44', '2015-10-05 14:48:44'),
(2, 'Menu Items', '/menu-items', 'fa fa-list-alt', 1, '2', 1, '2015-10-05 14:49:37', '2015-10-05 14:49:37'),
(3, 'Sub Menu Items', '/sub-menu-items', 'fa fa-plus-square', 1, '3', 1, '2015-10-05 14:49:37', '2015-10-05 14:49:37'),
(4, 'Sectors', '/sectors', 'fa fa-upload', 1, '2', 5, '2015-10-05 15:02:38', '2015-10-05 15:02:38'),
(5, 'Register User', '/users/create', 'fa fa-plus-square', 1, '1', 8, '2015-10-06 09:12:48', '2015-10-06 09:12:48'),
(6, 'Manage Users', '/users', 'fa fa-table', 1, '2', 8, '2015-10-06 09:12:48', '2015-10-06 09:12:48'),
(7, 'User Types', '/user-types', 'fa fa-users', 1, '3', 8, '2015-10-06 09:12:48', '2015-10-06 09:12:48'),
(8, 'Users Report Roles', '/report-roles', 'fa fa-users', 1, '1', 5, '2015-10-08 09:27:04', '2015-10-08 10:47:54'),
(9, 'Report Roles', '/report-roles/executives', 'fa fa-users', 1, '1', 10, '2015-10-16 09:21:46', '2015-10-16 09:21:46'),
(10, 'Report Roles', '/report-roles/legislators', 'fa fa-plus-square', 1, '1', 11, '2015-10-16 09:21:46', '2015-10-16 09:21:46'),
(11, 'Menus', '/pledge-menus', 'fa fa-group', 1, '1', 12, '2015-10-16 12:46:52', '2015-10-16 12:46:52'),
(12, 'Menu Items', '/pledge-menu-items', 'fa fa-list-alt', 1, '2', 12, '2015-10-16 12:46:52', '2015-10-16 12:46:52'),
(13, 'Sub Menu Items', '/pledge-sub-menu-items', 'fa fa-plus-square', 1, '3', 12, '2015-10-16 12:46:53', '2015-10-16 12:46:53');

-- --------------------------------------------------------

--
-- Table structure for table `users`
--

CREATE TABLE IF NOT EXISTS `users` (
`user_id` int(10) unsigned NOT NULL,
  `first_name` varchar(255) COLLATE utf8_unicode_ci NOT NULL,
  `last_name` varchar(255) COLLATE utf8_unicode_ci NOT NULL,
  `middle_name` varchar(50) COLLATE utf8_unicode_ci DEFAULT NULL,
  `dob` date DEFAULT NULL,
  `email` varchar(255) COLLATE utf8_unicode_ci NOT NULL,
  `gender` varchar(255) COLLATE utf8_unicode_ci NOT NULL,
  `mobile` varchar(255) COLLATE utf8_unicode_ci DEFAULT NULL,
  `lga_id` int(10) unsigned NOT NULL,
  `salutation_id` int(11) DEFAULT NULL,
  `user_type_id` int(10) unsigned NOT NULL,
  `avatar` varchar(255) COLLATE utf8_unicode_ci DEFAULT NULL,
  `status` int(11) NOT NULL DEFAULT '1',
  `verified` int(11) NOT NULL DEFAULT '0',
  `verification_code` varchar(150) COLLATE utf8_unicode_ci DEFAULT NULL,
  `password` varchar(150) COLLATE utf8_unicode_ci NOT NULL,
  `remember_token` varchar(100) COLLATE utf8_unicode_ci DEFAULT NULL,
  `created_at` timestamp NOT NULL DEFAULT '0000-00-00 00:00:00',
  `updated_at` timestamp NOT NULL DEFAULT '0000-00-00 00:00:00'
) ENGINE=InnoDB AUTO_INCREMENT=8 DEFAULT CHARSET=utf8 COLLATE=utf8_unicode_ci;

--
-- Dumping data for table `users`
--

INSERT INTO `users` (`user_id`, `first_name`, `last_name`, `middle_name`, `dob`, `email`, `gender`, `mobile`, `lga_id`, `salutation_id`, `user_type_id`, `avatar`, `status`, `verified`, `verification_code`, `password`, `remember_token`, `created_at`, `updated_at`) VALUES
(1, 'Kingsley', 'Chinaka', NULL, '2010-05-12', 'admin@gmail.com', 'Male', '08030734377', 295, 1, 2, NULL, 1, 1, NULL, '$2y$10$hW6o/LX6/Yl3M1jzJBVv1ebL3b0unT2Ms7pt/f0GPS4EJTjymG2iK', 'mGJgf5VFDsB9Da0ribInGpuBAEHiGDvFa4yNPhNARM8zPdxzKuaa0lS0rliD', '2015-10-04 04:00:23', '2015-10-20 06:48:06'),
(2, 'Ben', 'Ikeji', '', NULL, 'ben04@gmail.com', 'Male', '09088475643', 80, 1, 4, NULL, 1, 1, 'cL4VxCWe5kjycJ9iI8xwP22DBmWmoGWGBmSL1nDM', '$2y$10$bc5R0RwVDeOLIgwpBEKcLejNlPzy/1Kac31wGNOXuHaYeyU5TQ49e', 'TUThRtUPPPj7GId5twSOCQ1dG4TTqBXbYVES1tZXSRua5ZYxXPBbHHhk3Lhq', '2015-10-06 09:14:48', '2015-10-19 15:20:32'),
(3, 'Aniekan', 'Moboi', 'Moani', '2010-05-12', 'aniekan@gmail.com', 'Male', '08093847483', 195, 1, 5, NULL, 1, 1, NULL, '$2y$10$hW6o/LX6/Yl3M1jzJBVv1ebL3b0unT2Ms7pt/f0GPS4EJTjymG2iK', 'QAI0IebZT5O5cWvDefIpsssjLxNsg5AXePPajFur34fwM3JId6iwvzNPaeVC', '2015-10-04 04:00:23', '2015-10-19 14:41:09'),
(4, 'AmaUchenne', 'Ben', NULL, '2010-05-12', 'amauche@gmail.com', 'Male', '08057875678', 395, 1, 3, NULL, 1, 1, NULL, '$2y$10$hW6o/LX6/Yl3M1jzJBVv1ebL3b0unT2Ms7pt/f0GPS4EJTjymG2iK', 'RfDxC7N7EodXKTY5BV2mW0pmQwxrwHdHyRCOci7MiqY6GzhASUXsuHi4yfmb', '2015-10-04 04:00:23', '2015-10-19 15:18:34'),
(5, 'Emmanuel', 'Okafor', NULL, '2010-05-12', 'emma@gmail.com', 'Male', '08063958294', 495, 1, 1, NULL, 1, 1, NULL, '$2y$10$hW6o/LX6/Yl3M1jzJBVv1ebL3b0unT2Ms7pt/f0GPS4EJTjymG2iK', 'Wl8lcOVqIbMXS7cH3oaij74iMyyzDW84oGuZP1JHp52YZWr4NbSP07j1TkGd', '2015-10-04 04:00:23', '2015-10-19 15:14:57'),
(6, 'Kabila', 'Joseph', NULL, '2010-05-12', 'joh@gmail.com', 'Male', '08063958294', 115, 1, 4, NULL, 1, 1, NULL, '$2y$10$hW6o/LX6/Yl3M1jzJBVv1ebL3b0unT2Ms7pt/f0GPS4EJTjymG2iK', 'qaQ6txqFmgGk8W9siej1iNhIvfuwphr8IEnKCO5ER4cAF5gZcxagygQnZsu1', '2015-10-04 04:00:23', '2015-10-19 15:18:25'),
(7, 'George', 'Chinaka', NULL, NULL, 'george@gmail.com', 'Male', '09045368273', 0, NULL, 10, NULL, 1, 1, 'HEmlIYZQDWGj2RMk3SNG0IMfMcoC6ZpVO31qmFoF', '$2y$10$NiQp3ym6O6Ln6kpA/1nonO3I2BXgsuyeu9DLh4lH1TbPsirXZ9c6u', NULL, '2015-10-16 14:32:21', '2015-10-16 14:32:21');

-- --------------------------------------------------------

--
-- Table structure for table `user_types`
--

CREATE TABLE IF NOT EXISTS `user_types` (
`user_type_id` int(10) unsigned NOT NULL,
  `user_type` varchar(150) COLLATE utf8_unicode_ci NOT NULL,
  `created_at` timestamp NOT NULL DEFAULT '0000-00-00 00:00:00',
  `updated_at` timestamp NOT NULL DEFAULT '0000-00-00 00:00:00'
) ENGINE=InnoDB AUTO_INCREMENT=11 DEFAULT CHARSET=utf8 COLLATE=utf8_unicode_ci;

--
-- Dumping data for table `user_types`
--

INSERT INTO `user_types` (`user_type_id`, `user_type`, `created_at`, `updated_at`) VALUES
(1, 'Admin', '2015-10-06 09:13:31', '2015-10-06 09:13:31'),
(2, 'Developer', '2015-10-06 09:13:31', '2015-10-06 09:13:31'),
(3, 'User', '2015-10-14 23:00:00', '0000-00-00 00:00:00'),
(4, 'Executives', '2015-10-14 23:00:00', '0000-00-00 00:00:00'),
(5, 'Legislators', '2015-10-12 23:00:00', '0000-00-00 00:00:00'),
(10, 'Organisation Heads', '2015-10-13 23:00:00', '0000-00-00 00:00:00');

--
-- Indexes for dumped tables
--

--
-- Indexes for table `api_keys`
--
ALTER TABLE `api_keys`
 ADD PRIMARY KEY (`api_key_id`), ADD UNIQUE KEY `api_keys_api_id_unique` (`api_id`), ADD UNIQUE KEY `api_keys_api_key_unique` (`api_key`);

--
-- Indexes for table `government_reports`
--
ALTER TABLE `government_reports`
 ADD PRIMARY KEY (`government_report_id`), ADD KEY `government_reports_report_id_index` (`report_id`), ADD KEY `government_reports_executive_status_index` (`executive_status`), ADD KEY `government_reports_legislator_status_index` (`legislator_status`);

--
-- Indexes for table `lgas`
--
ALTER TABLE `lgas`
 ADD PRIMARY KEY (`lga_id`), ADD KEY `lgas_state_id_index` (`state_id`);

--
-- Indexes for table `menus`
--
ALTER TABLE `menus`
 ADD PRIMARY KEY (`menu_id`);

--
-- Indexes for table `menu_items`
--
ALTER TABLE `menu_items`
 ADD PRIMARY KEY (`menu_item_id`), ADD KEY `menu_items_menu_id_index` (`menu_id`);

--
-- Indexes for table `mobile_users`
--
ALTER TABLE `mobile_users`
 ADD PRIMARY KEY (`mobile_user_id`), ADD UNIQUE KEY `mobile_users_email_unique` (`email`), ADD KEY `mobile_users_lga_id_index` (`lga_id`);

--
-- Indexes for table `organisations`
--
ALTER TABLE `organisations`
 ADD PRIMARY KEY (`organisation_id`), ADD KEY `organisations_sector_id_index` (`sector_id`), ADD KEY `organisations_lga_id_index` (`lga_id`), ADD KEY `organisations_organisation_head_id_index` (`organisation_head_id`), ADD KEY `organisations_user_id_index` (`user_id`);

--
-- Indexes for table `organisation_heads`
--
ALTER TABLE `organisation_heads`
 ADD PRIMARY KEY (`organisation_head_id`), ADD KEY `organisation_heads_parent_user_id_index` (`parent_user_id`), ADD KEY `organisation_heads_child_user_id_index` (`child_user_id`), ADD KEY `organisation_heads_state_id_index` (`state_id`);

--
-- Indexes for table `pledge_menus`
--
ALTER TABLE `pledge_menus`
 ADD PRIMARY KEY (`pledge_menu_id`);

--
-- Indexes for table `pledge_menu_items`
--
ALTER TABLE `pledge_menu_items`
 ADD PRIMARY KEY (`pledge_menu_item_id`), ADD KEY `pledge_menu_items_pledge_menu_id_index` (`pledge_menu_id`);

--
-- Indexes for table `pledge_sub_menu_items`
--
ALTER TABLE `pledge_sub_menu_items`
 ADD PRIMARY KEY (`pledge_sub_menu_item_id`), ADD KEY `pledge_sub_menu_items_pledge_menu_item_id_index` (`pledge_menu_item_id`);

--
-- Indexes for table `reports`
--
ALTER TABLE `reports`
 ADD PRIMARY KEY (`report_id`), ADD KEY `reports_sector_id_index` (`sector_id`), ADD KEY `reports_user_id_index` (`mobile_user_id`), ADD KEY `reports_location_id_index` (`location_id`), ADD KEY `state_id` (`state_id`);

--
-- Indexes for table `reports_images`
--
ALTER TABLE `reports_images`
 ADD PRIMARY KEY (`report_image_id`), ADD KEY `reports_images_report_id_index` (`report_id`);

--
-- Indexes for table `report_sectors_users`
--
ALTER TABLE `report_sectors_users`
 ADD KEY `report_sectors_users_sector_id_index` (`sector_id`), ADD KEY `report_sectors_users_user_id_index` (`user_id`);

--
-- Indexes for table `report_states_users`
--
ALTER TABLE `report_states_users`
 ADD KEY `report_states_users_state_id_index` (`state_id`), ADD KEY `report_states_users_user_id_index` (`user_id`);

--
-- Indexes for table `salutations`
--
ALTER TABLE `salutations`
 ADD PRIMARY KEY (`salutation_id`);

--
-- Indexes for table `sectors`
--
ALTER TABLE `sectors`
 ADD PRIMARY KEY (`sector_id`);

--
-- Indexes for table `states`
--
ALTER TABLE `states`
 ADD PRIMARY KEY (`state_id`);

--
-- Indexes for table `sub_menu_items`
--
ALTER TABLE `sub_menu_items`
 ADD PRIMARY KEY (`sub_menu_item_id`), ADD KEY `sub_menu_items_menu_item_id_index` (`menu_item_id`);

--
-- Indexes for table `users`
--
ALTER TABLE `users`
 ADD PRIMARY KEY (`user_id`), ADD UNIQUE KEY `users_email_unique` (`email`), ADD KEY `users_lga_id_index` (`lga_id`), ADD KEY `user_type_id` (`user_type_id`);

--
-- Indexes for table `user_types`
--
ALTER TABLE `user_types`
 ADD PRIMARY KEY (`user_type_id`);

--
-- AUTO_INCREMENT for dumped tables
--

--
-- AUTO_INCREMENT for table `api_keys`
--
ALTER TABLE `api_keys`
MODIFY `api_key_id` int(10) unsigned NOT NULL AUTO_INCREMENT,AUTO_INCREMENT=6;
--
-- AUTO_INCREMENT for table `government_reports`
--
ALTER TABLE `government_reports`
MODIFY `government_report_id` int(10) unsigned NOT NULL AUTO_INCREMENT,AUTO_INCREMENT=5;
--
-- AUTO_INCREMENT for table `lgas`
--
ALTER TABLE `lgas`
MODIFY `lga_id` int(10) unsigned NOT NULL AUTO_INCREMENT,AUTO_INCREMENT=775;
--
-- AUTO_INCREMENT for table `menus`
--
ALTER TABLE `menus`
MODIFY `menu_id` int(10) unsigned NOT NULL AUTO_INCREMENT,AUTO_INCREMENT=4;
--
-- AUTO_INCREMENT for table `menu_items`
--
ALTER TABLE `menu_items`
MODIFY `menu_item_id` int(10) unsigned NOT NULL AUTO_INCREMENT,AUTO_INCREMENT=13;
--
-- AUTO_INCREMENT for table `mobile_users`
--
ALTER TABLE `mobile_users`
MODIFY `mobile_user_id` int(10) unsigned NOT NULL AUTO_INCREMENT,AUTO_INCREMENT=12;
--
-- AUTO_INCREMENT for table `organisations`
--
ALTER TABLE `organisations`
MODIFY `organisation_id` int(10) unsigned NOT NULL AUTO_INCREMENT,AUTO_INCREMENT=2;
--
-- AUTO_INCREMENT for table `organisation_heads`
--
ALTER TABLE `organisation_heads`
MODIFY `organisation_head_id` int(10) unsigned NOT NULL AUTO_INCREMENT,AUTO_INCREMENT=2;
--
-- AUTO_INCREMENT for table `pledge_menus`
--
ALTER TABLE `pledge_menus`
MODIFY `pledge_menu_id` int(10) unsigned NOT NULL AUTO_INCREMENT,AUTO_INCREMENT=4;
--
-- AUTO_INCREMENT for table `pledge_menu_items`
--
ALTER TABLE `pledge_menu_items`
MODIFY `pledge_menu_item_id` int(10) unsigned NOT NULL AUTO_INCREMENT,AUTO_INCREMENT=9;
--
-- AUTO_INCREMENT for table `pledge_sub_menu_items`
--
ALTER TABLE `pledge_sub_menu_items`
MODIFY `pledge_sub_menu_item_id` int(10) unsigned NOT NULL AUTO_INCREMENT,AUTO_INCREMENT=3;
--
-- AUTO_INCREMENT for table `reports`
--
ALTER TABLE `reports`
MODIFY `report_id` int(10) unsigned NOT NULL AUTO_INCREMENT,AUTO_INCREMENT=27;
--
-- AUTO_INCREMENT for table `reports_images`
--
ALTER TABLE `reports_images`
MODIFY `report_image_id` int(10) unsigned NOT NULL AUTO_INCREMENT,AUTO_INCREMENT=37;
--
-- AUTO_INCREMENT for table `salutations`
--
ALTER TABLE `salutations`
MODIFY `salutation_id` int(10) unsigned NOT NULL AUTO_INCREMENT,AUTO_INCREMENT=13;
--
-- AUTO_INCREMENT for table `sectors`
--
ALTER TABLE `sectors`
MODIFY `sector_id` int(10) unsigned NOT NULL AUTO_INCREMENT,AUTO_INCREMENT=12;
--
-- AUTO_INCREMENT for table `states`
--
ALTER TABLE `states`
MODIFY `state_id` int(10) unsigned NOT NULL AUTO_INCREMENT,AUTO_INCREMENT=38;
--
-- AUTO_INCREMENT for table `sub_menu_items`
--
ALTER TABLE `sub_menu_items`
MODIFY `sub_menu_item_id` int(10) unsigned NOT NULL AUTO_INCREMENT,AUTO_INCREMENT=14;
--
-- AUTO_INCREMENT for table `users`
--
ALTER TABLE `users`
MODIFY `user_id` int(10) unsigned NOT NULL AUTO_INCREMENT,AUTO_INCREMENT=8;
--
-- AUTO_INCREMENT for table `user_types`
--
ALTER TABLE `user_types`
MODIFY `user_type_id` int(10) unsigned NOT NULL AUTO_INCREMENT,AUTO_INCREMENT=11;
--
-- Constraints for dumped tables
--

--
-- Constraints for table `government_reports`
--
ALTER TABLE `government_reports`
ADD CONSTRAINT `government_reports_report_id_foreign` FOREIGN KEY (`report_id`) REFERENCES `reports` (`report_id`) ON DELETE CASCADE;

--
-- Constraints for table `organisations`
--
ALTER TABLE `organisations`
ADD CONSTRAINT `organisations_sector_id_foreign` FOREIGN KEY (`sector_id`) REFERENCES `sectors` (`sector_id`) ON DELETE CASCADE;

--
-- Constraints for table `report_sectors_users`
--
ALTER TABLE `report_sectors_users`
ADD CONSTRAINT `report_sectors_users_sector_id_foreign` FOREIGN KEY (`sector_id`) REFERENCES `sectors` (`sector_id`) ON DELETE CASCADE,
ADD CONSTRAINT `report_sectors_users_user_id_foreign` FOREIGN KEY (`user_id`) REFERENCES `users` (`user_id`) ON DELETE CASCADE;

--
-- Constraints for table `report_states_users`
--
ALTER TABLE `report_states_users`
ADD CONSTRAINT `report_states_users_state_id_foreign` FOREIGN KEY (`state_id`) REFERENCES `states` (`state_id`) ON DELETE CASCADE,
ADD CONSTRAINT `report_states_users_user_id_foreign` FOREIGN KEY (`user_id`) REFERENCES `users` (`user_id`) ON DELETE CASCADE;

/*!40101 SET CHARACTER_SET_CLIENT=@OLD_CHARACTER_SET_CLIENT */;
/*!40101 SET CHARACTER_SET_RESULTS=@OLD_CHARACTER_SET_RESULTS */;
/*!40101 SET COLLATION_CONNECTION=@OLD_COLLATION_CONNECTION */;
